product_id,color_name,color_hex,image_path
00083-bbt,화이트,#ffffff,/images/products/00083-bbt/00083-BBT-001_M.jpg
00083-bbt,모쿠 그레이,#c6c8c9,/images/products/00083-bbt/00083-BBT-003_M.jpg
00083-bbt,블랙,#1a1a1a,/images/products/00083-bbt/00083-BBT-005_M.jpg
00083-bbt,퍼플,#48339b,/images/products/00083-bbt/00083-BBT-014_M.jpg
00083-bbt,네이비,#0f1d35,/images/products/00083-bbt/00083-BBT-031_M.jpg
00083-bbt,로얄 블루,#054cb9,/images/products/00083-bbt/00083-BBT-032_M.jpg
00083-bbt,버건디,#731630,/images/products/00083-bbt/00083-BBT-112_M.jpg
00083-bbt,라이트 블루,#a2dbe7,/images/products/00083-bbt/00083-BBT-133_M.jpg
00085-cvt,화이트,#ffffff,/images/products/00085-cvt/00085-CVT-001_M.jpg
00085-cvt,모쿠 그레이,#c6c8c9,/images/products/00085-cvt/00085-CVT-003_M.jpg
00085-cvt,블랙,#1a1a1a,/images/products/00085-cvt/00085-CVT-005_M.jpg
00085-cvt,레드,#e6193c,/images/products/00085-cvt/00085-CVT-010_M.jpg
00085-cvt,핑크,#f472b6,/images/products/00085-cvt/00085-CVT-011_M.jpg
00085-cvt,퍼플,#48339b,/images/products/00085-cvt/00085-CVT-014_M.jpg
00085-cvt,오렌지,#ff5f00,/images/products/00085-cvt/00085-CVT-015_M.jpg
00085-cvt,그린,#00874e,/images/products/00085-cvt/00085-CVT-025_M.jpg
00085-cvt,네이비,#0f1d35,/images/products/00085-cvt/00085-CVT-031_M.jpg
00085-cvt,로얄 블루,#054cb9,/images/products/00085-cvt/00085-CVT-032_M.jpg
00085-cvt,터코이즈,#00a2cc,/images/products/00085-cvt/00085-CVT-034_M.jpg
00085-cvt,아미그린,#4a533c,/images/products/00085-cvt/00085-CVT-037_M.jpg
00085-cvt,오트밀,#e2dbcd,/images/products/00085-cvt/00085-CVT-039_M.jpg
00085-cvt,애쉬,#e1e4e6,/images/products/00085-cvt/00085-CVT-044_M.jpg
00085-cvt,아이보리,#faf8f0,/images/products/00085-cvt/00085-CVT-073_M.jpg
00085-cvt,인디고,#182a47,/images/products/00085-cvt/00085-CVT-097_M.jpg
00085-cvt,데님,#536881,/images/products/00085-cvt/00085-CVT-109_M.jpg
00085-cvt,버건디,#731630,/images/products/00085-cvt/00085-CVT-112_M.jpg
00085-cvt,올리브,#565d38,/images/products/00085-cvt/00085-CVT-128_M.jpg
00085-cvt,차콜,#494b52,/images/products/00085-cvt/00085-CVT-129_M.jpg
00085-cvt,라이트 핑크,#ffccd5,/images/products/00085-cvt/00085-CVT-132_M.jpg
00085-cvt,라이트 블루,#a2dbe7,/images/products/00085-cvt/00085-CVT-133_M.jpg
00085-cvt,라이트 옐로우,#fff4ab,/images/products/00085-cvt/00085-CVT-134_M.jpg
00085-cvt,핫핑크,#e6006f,/images/products/00085-cvt/00085-CVT-146_M.jpg
00085-cvt,실버 그레이,#b8b6b9,/images/products/00085-cvt/00085-CVT-153_M.jpg
00085-cvt,데이지,#ffcc00,/images/products/00085-cvt/00085-CVT-165_M.jpg
00085-cvt,재팬 블루,#1b4aa6,/images/products/00085-cvt/00085-CVT-171_M.jpg
00085-cvt,라이트 퍼플,#c3b2db,/images/products/00085-cvt/00085-CVT-188_M.jpg
00085-cvt,아이스 그린,#9be0cd,/images/products/00085-cvt/00085-CVT-195_M.jpg
00085-cvt,틸그린,#134e4d,/images/products/00085-cvt/00085-CVT-206_M.jpg
00085-cvt,코코아브라운,#5a4540,/images/products/00085-cvt/00085-CVT-207_M.jpg
00085-cvt,스모크옐로우,#d2b786,/images/products/00085-cvt/00085-CVT-213_M.jpg
00085-cvt,라이트세이지,#9cb8a7,/images/products/00085-cvt/00085-CVT-423_M.jpg
00085-cvt,모스그레이,#859897,/images/products/00085-cvt/00085-CVT-424_M.jpg
00085-cvt,애시드블루,#98adc2,/images/products/00085-cvt/00085-CVT-426_M.jpg
00086-dmt,화이트,#ffffff,/images/products/00086-dmt/00086-DMT-001_M.jpg
00086-dmt,모쿠 그레이,#c6c8c9,/images/products/00086-dmt/00086-DMT-003_M.jpg
00086-dmt,블랙,#1a1a1a,/images/products/00086-dmt/00086-DMT-005_M.jpg
00086-dmt,레드,#e6193c,/images/products/00086-dmt/00086-DMT-010_M.jpg
00086-dmt,퍼플,#48339b,/images/products/00086-dmt/00086-DMT-014_M.jpg
00086-dmt,오렌지,#ff5f00,/images/products/00086-dmt/00086-DMT-015_M.jpg
00086-dmt,옐로우,#facc15,/images/products/00086-dmt/00086-DMT-020_M.jpg
00086-dmt,라이트 그린,#86efac,/images/products/00086-dmt/00086-DMT-024_M.jpg
00086-dmt,민트 그린,#a7f3d0,/images/products/00086-dmt/00086-DMT-026_M.jpg
00086-dmt,네이비,#0f1d35,/images/products/00086-dmt/00086-DMT-031_M.jpg
00086-dmt,로얄 블루,#054cb9,/images/products/00086-dmt/00086-DMT-032_M.jpg
00086-dmt,터코이즈,#00a2cc,/images/products/00086-dmt/00086-DMT-034_M.jpg
00086-dmt,아미그린,#4a533c,/images/products/00086-dmt/00086-DMT-037_M.jpg
00086-dmt,오트밀,#e2dbcd,/images/products/00086-dmt/00086-DMT-039_M.jpg
00086-dmt,버건디,#731630,/images/products/00086-dmt/00086-DMT-112_M.jpg
00086-dmt,차콜,#494b52,/images/products/00086-dmt/00086-DMT-129_M.jpg
00086-dmt,라이트 핑크,#ffccd5,/images/products/00086-dmt/00086-DMT-132_M.jpg
00086-dmt,라이트 블루,#a2dbe7,/images/products/00086-dmt/00086-DMT-133_M.jpg
00087-oet,화이트,#ffffff,/images/products/00087-oet/00087-OET-001_L.jpg
00087-oet,블랙,#1a1a1a,/images/products/00087-oet/00087-OET-005_L.jpg
00087-oet,네이비,#0f1d35,/images/products/00087-oet/00087-OET-031_L.jpg
00087-oet,아미그린,#4a533c,/images/products/00087-oet/00087-OET-037_L.jpg
00087-oet,아이보리,#faf8f0,/images/products/00087-oet/00087-OET-073_L.jpg
00087-oet,차콜,#494b52,/images/products/00087-oet/00087-OET-129_L.jpg
00087-oet,메트로블루,#1e40af,/images/products/00087-oet/00087-OET-167_L.jpg
00087-oet,코코아브라운,#5a4540,/images/products/00087-oet/00087-OET-207_L.jpg
00087-oet,스모크옐로우,#d2b786,/images/products/00087-oet/00087-OET-213_L.jpg
00087-oet,스모크블랙,#262626,/images/products/00087-oet/00087-OET-223_L.jpg
00087-oet,모스그레이,#859897,/images/products/00087-oet/00087-OET-424_L.jpg
00087-oet,애시드블루,#98adc2,/images/products/00087-oet/00087-OET-426_L.jpg
00087-oet,라이트 베이지,#eddabf,/images/products/00087-oet/00087-OET-455_L.jpg
00095-cve,시멘트,#a1a1aa,/images/products/00095-cve/00095-CVE-151_M.jpg
00095-cve,코요테,#a16207,/images/products/00095-cve/00095-CVE-236_M.jpg
00095-cve,샌드카키,#78716c,/images/products/00095-cve/00095-CVE-454_M.jpg
00102-cvl,화이트,#ffffff,/images/products/00102-cvl/00102-CVL-001_M.jpg
00102-cvl,모쿠 그레이,#c6c8c9,/images/products/00102-cvl/00102-CVL-003_M.jpg
00102-cvl,블랙,#1a1a1a,/images/products/00102-cvl/00102-CVL-005_M.jpg
00102-cvl,레드,#e6193c,/images/products/00102-cvl/00102-CVL-010_M.jpg
00102-cvl,네이비,#0f1d35,/images/products/00102-cvl/00102-CVL-031_M.jpg
00102-cvl,로얄 블루,#054cb9,/images/products/00102-cvl/00102-CVL-032_M.jpg
00102-cvl,아미그린,#4a533c,/images/products/00102-cvl/00102-CVL-037_M.jpg
00102-cvl,버건디,#731630,/images/products/00102-cvl/00102-CVL-112_M.jpg
00109-pct,화이트,#ffffff,/images/products/00109-pct/00109-PCT-001.jpg
00109-pct,모쿠 그레이,#c6c8c9,/images/products/00109-pct/00109-PCT-003_1.jpg
00109-pct,블랙,#1a1a1a,/images/products/00109-pct/00109-PCT-005.jpg
00109-pct,네이비,#0f1d35,/images/products/00109-pct/00109-PCT-031.jpg
00109-pct,아미그린,#4a533c,/images/products/00109-pct/00109-PCT-037.jpg
00110-cll,화이트,#ffffff,/images/products/00110-cll/00110-CLL-001_M.jpg
00110-cll,모쿠 그레이,#c6c8c9,/images/products/00110-cll/00110-CLL-003_M.jpg
00110-cll,블랙,#1a1a1a,/images/products/00110-cll/00110-CLL-005_M.jpg
00110-cll,네이비,#0f1d35,/images/products/00110-cll/00110-CLL-031_M.jpg
00110-cll,아이보리,#faf8f0,/images/products/00110-cll/00110-CLL-073_M.jpg
00113-bcv,화이트,#ffffff,/images/products/00113-bcv/00113-BCV-001_M.jpg
00113-bcv,모쿠 그레이,#c6c8c9,/images/products/00113-bcv/00113-BCV-003_L.jpg
00113-bcv,블랙,#1a1a1a,/images/products/00113-bcv/00113-BCV-005_M.jpg
00113-bcv,네이비,#0f1d35,/images/products/00113-bcv/00113-BCV-031_M.jpg
00113-bcv,카멜,#b45309,/images/products/00113-bcv/00113-BCV-154_M.jpg
00113-bcv,더스티 핑크,#f472b6,/images/products/00113-bcv/00113-BCV-400_M.jpg
00113-bcv,다크 브라운,#3b2314,/images/products/00113-bcv/00113-BCV-453_M.jpg
00113-bcv,더스티 블루,#60a5fa,/images/products/00113-bcv/00113-BCV-463_M.jpg
00141-nvp,화이트,#ffffff,/images/products/00141-nvp/00141-NVP-001_L.jpg
00141-nvp,블랙,#1a1a1a,/images/products/00141-nvp/00141-NVP-005_L.jpg
00141-nvp,오렌지,#ff5f00,/images/products/00141-nvp/00141-NVP-015_L.jpg
00141-nvp,네이비,#0f1d35,/images/products/00141-nvp/00141-NVP-031_L.jpg
00141-nvp,로얄 블루,#054cb9,/images/products/00141-nvp/00141-NVP-032_L.jpg
00148-hvt,화이트,#ffffff,/images/products/00148-hvt/00148-HVT-001_M.jpg
00148-hvt,모쿠 그레이,#c6c8c9,/images/products/00148-hvt/00148-HVT-003_M.jpg
00148-hvt,블랙,#1a1a1a,/images/products/00148-hvt/00148-HVT-005_M.jpg
00148-hvt,레드,#e6193c,/images/products/00148-hvt/00148-HVT-010_M.jpg
00148-hvt,네이비,#0f1d35,/images/products/00148-hvt/00148-HVT-031_M.jpg
00148-hvt,로얄 블루,#054cb9,/images/products/00148-hvt/00148-HVT-032_M.jpg
00148-hvt,아미그린,#4a533c,/images/products/00148-hvt/00148-HVT-037_M.jpg
00148-hvt,아이보리,#faf8f0,/images/products/00148-hvt/00148-HVT-073_M.jpg
00148-hvt,버건디,#731630,/images/products/00148-hvt/00148-HVT-112_M.jpg
00148-hvt,라이트 핑크,#ffccd5,/images/products/00148-hvt/00148-HVT-132_M.jpg
00148-hvt,라이트 블루,#a2dbe7,/images/products/00148-hvt/00148-HVT-133_M.jpg
00148-hvt,사파리,#b45309,/images/products/00148-hvt/00148-HVT-136_M.jpg
00148-hvt,아이비그린,#064e3b,/images/products/00148-hvt/00148-HVT-138_M.jpg
00148-hvt,더스티 핑크,#f472b6,/images/products/00148-hvt/00148-HVT-400_M.jpg
00148-hvt,라이트세이지,#9cb8a7,/images/products/00148-hvt/00148-HVT-423_M.jpg
00148-hvt,다크 브라운,#3b2314,/images/products/00148-hvt/00148-HVT-453_M.jpg
00148-hvt,라이트 베이지,#eddabf,/images/products/00148-hvt/00148-HVT-455_M.jpg
00148-hvt,더스티 블루,#60a5fa,/images/products/00148-hvt/00148-HVT-463_M.jpg
00149-hvl,화이트,#ffffff,/images/products/00149-hvl/00149-HVL-001_M.jpg
00149-hvl,모쿠 그레이,#c6c8c9,/images/products/00149-hvl/00149-HVL-003_M.jpg
00149-hvl,블랙,#1a1a1a,/images/products/00149-hvl/00149-HVL-005_M.jpg
00149-hvl,네이비,#0f1d35,/images/products/00149-hvl/00149-HVL-031_M.jpg
00149-hvl,라이트 핑크,#ffccd5,/images/products/00149-hvl/00149-HVL-132_M.jpg
00183-nsc,화이트,#ffffff,/images/products/00183-nsc/00183-NSC-001_L.jpg
00183-nsc,모쿠 그레이,#c6c8c9,/images/products/00183-nsc/00183-NSC-003_L.jpg
00183-nsc,블랙,#1a1a1a,/images/products/00183-nsc/00183-NSC-005_L.jpg
00183-nsc,네이비,#0f1d35,/images/products/00183-nsc/00183-NSC-031_L.jpg
00183-nsc,로얄 블루,#054cb9,/images/products/00183-nsc/00183-NSC-032_L.jpg
00183-nsc,오트밀,#e2dbcd,/images/products/00183-nsc/00183-NSC-039_L.jpg
00183-nsc,버건디,#731630,/images/products/00183-nsc/00183-NSC-112_L.jpg
00188-nnh,화이트,#ffffff,/images/products/00188-nnh/00188-NNH-001_L.jpg
00188-nnh,모쿠 그레이,#c6c8c9,/images/products/00188-nnh/00188-NNH-003_L.jpg
00188-nnh,블랙,#1a1a1a,/images/products/00188-nnh/00188-NNH-005_L.jpg
00188-nnh,네이비,#0f1d35,/images/products/00188-nnh/00188-NNH-031_L.jpg
00188-nnh,로얄 블루,#054cb9,/images/products/00188-nnh/00188-NNH-032_L.jpg
00188-nnh,오트밀,#e2dbcd,/images/products/00188-nnh/00188-NNH-039_L.jpg
00188-nnh,버건디,#731630,/images/products/00188-nnh/00188-NNH-112_L.jpg
00189-nnz,화이트,#ffffff,/images/products/00189-nnz/00189-NNZ-001_L.jpg
00189-nnz,모쿠 그레이,#c6c8c9,/images/products/00189-nnz/00189-NNZ-003_L.jpg
00189-nnz,블랙,#1a1a1a,/images/products/00189-nnz/00189-NNZ-005_L.jpg
00189-nnz,네이비,#0f1d35,/images/products/00189-nnz/00189-NNZ-031_L.jpg
00189-nnz,로얄 블루,#054cb9,/images/products/00189-nnz/00189-NNZ-032_L.jpg
00189-nnz,오트밀,#e2dbcd,/images/products/00189-nnz/00189-NNZ-039_L.jpg
00189-nnz,버건디,#731630,/images/products/00189-nnz/00189-NNZ-112_L.jpg
00207-nah,화이트,#ffffff,/images/products/00207-nah/00207-NAH-001_L.jpg
00207-nah,그레이,#9ca3af,/images/products/00207-nah/00207-NAH-002_L.jpg
00207-nah,블랙,#1a1a1a,/images/products/00207-nah/00207-NAH-005_L.jpg
00207-nah,네이비,#0f1d35,/images/products/00207-nah/00207-NAH-031_L.jpg
00207-nah,아미그린,#4a533c,/images/products/00207-nah/00207-NAH-037_L.jpg
00207-nah,애시드블루,#98adc2,/images/products/00207-nah/00207-NAH-426_L.jpg
00207-nah,라이트 베이지,#eddabf,/images/products/00207-nah/00207-NAH-455_L.jpg
00208-naz,화이트,#ffffff,/images/products/00208-naz/00208-NAZ-001_L.jpg
00208-naz,그레이,#9ca3af,/images/products/00208-naz/00208-NAZ-002_L.jpg
00208-naz,블랙,#1a1a1a,/images/products/00208-naz/00208-NAZ-005_L.jpg
00208-naz,네이비,#0f1d35,/images/products/00208-naz/00208-NAZ-031_L.jpg
00208-naz,아미그린,#4a533c,/images/products/00208-naz/00208-NAZ-037_L.jpg
00208-naz,애시드블루,#98adc2,/images/products/00208-naz/00208-NAZ-426_L.jpg
00208-naz,라이트 베이지,#eddabf,/images/products/00208-naz/00208-NAZ-455_L.jpg
00210-nac,화이트,#ffffff,/images/products/00210-nac/00210-NAC-001_L.jpg
00210-nac,그레이,#9ca3af,/images/products/00210-nac/00210-NAC-002_L.jpg
00210-nac,블랙,#1a1a1a,/images/products/00210-nac/00210-NAC-005_L.jpg
00210-nac,네이비,#0f1d35,/images/products/00210-nac/00210-NAC-031_L.jpg
00210-nac,아미그린,#4a533c,/images/products/00210-nac/00210-NAC-037_L.jpg
00210-nac,애시드블루,#98adc2,/images/products/00210-nac/00210-NAC-426_L.jpg
00210-nac,라이트 베이지,#eddabf,/images/products/00210-nac/00210-NAC-455_L.jpg
00216-mlh,화이트,#ffffff,/images/products/00216-mlh/00216-MLH-001_L.jpg
00216-mlh,모쿠 그레이,#c6c8c9,/images/products/00216-mlh/00216-MLH-003_L.jpg
00216-mlh,블랙,#1a1a1a,/images/products/00216-mlh/00216-MLH-005_L.jpg
00216-mlh,블루,#3b82f6,/images/products/00216-mlh/00216-MLH-030_L.jpg
00216-mlh,오트밀,#e2dbcd,/images/products/00216-mlh/00216-MLH-039_L.jpg
00216-mlh,버건디,#731630,/images/products/00216-mlh/00216-MLH-112_L.jpg
00216-mlh,네이비,#0f1d35,/images/products/00216-mlh/00216-MLH-174_L.jpg
00217-mlz,화이트,#ffffff,/images/products/00217-mlz/00217-MLZ-001_L.jpg
00217-mlz,모쿠 그레이,#c6c8c9,/images/products/00217-mlz/00217-MLZ-003_L.jpg
00217-mlz,블랙,#1a1a1a,/images/products/00217-mlz/00217-MLZ-005_L.jpg
00217-mlz,블루,#3b82f6,/images/products/00217-mlz/00217-MLZ-030_L.jpg
00217-mlz,오트밀,#e2dbcd,/images/products/00217-mlz/00217-MLZ-039_L.jpg
00217-mlz,버건디,#731630,/images/products/00217-mlz/00217-MLZ-112_L.jpg
00217-mlz,네이비,#0f1d35,/images/products/00217-mlz/00217-MLZ-174_L.jpg
00218-mlp,화이트,#ffffff,/images/products/00218-mlp/00218-MLP-001_L.jpg
00218-mlp,모쿠 그레이,#c6c8c9,/images/products/00218-mlp/00218-MLP-003_L.jpg
00218-mlp,블랙,#1a1a1a,/images/products/00218-mlp/00218-MLP-005_L.jpg
00218-mlp,블루,#3b82f6,/images/products/00218-mlp/00218-MLP-030_L.jpg
00218-mlp,오트밀,#e2dbcd,/images/products/00218-mlp/00218-MLP-039_L.jpg
00218-mlp,버건디,#731630,/images/products/00218-mlp/00218-MLP-112_L.jpg
00218-mlp,네이비,#0f1d35,/images/products/00218-mlp/00218-MLP-174_L.jpg
00219-mlc,화이트,#ffffff,/images/products/00219-mlc/00219-MLC-001_L.jpg
00219-mlc,모쿠 그레이,#c6c8c9,/images/products/00219-mlc/00219-MLC-003_L.jpg
00219-mlc,블랙,#1a1a1a,/images/products/00219-mlc/00219-MLC-005_L.jpg
00219-mlc,블루,#3b82f6,/images/products/00219-mlc/00219-MLC-030_L.jpg
00219-mlc,오트밀,#e2dbcd,/images/products/00219-mlc/00219-MLC-039_L.jpg
00219-mlc,버건디,#731630,/images/products/00219-mlc/00219-MLC-112_L.jpg
00219-mlc,브라이트 그린,#22c55e,/images/products/00219-mlc/00219-MLC-172_L.jpg
00219-mlc,네이비,#0f1d35,/images/products/00219-mlc/00219-MLC-174_L.jpg
00220-mhp,모쿠 그레이,#c6c8c9,/images/products/00220-mhp/00220-MHP-003_L.jpg
00220-mhp,블랙,#1a1a1a,/images/products/00220-mhp/00220-MHP-005_L.jpg
00220-mhp,네이비,#0f1d35,/images/products/00220-mhp/00220-MHP-174_L.jpg
00238-rfj,그레이,#9ca3af,/images/products/00238-rfj/00238-RFJ-002_L.jpg
00238-rfj,블랙,#1a1a1a,/images/products/00238-rfj/00238-RFJ-005_L.jpg
00238-rfj,네이비,#0f1d35,/images/products/00238-rfj/00238-RFJ-031_L.jpg
00271-bfc,화이트,#ffffff,/images/products/00271-bfc/00271-BFC-001_L.jpg
00271-bfc,모쿠 그레이,#c6c8c9,/images/products/00271-bfc/00271-BFC-003_L.jpg
00271-bfc,블랙,#1a1a1a,/images/products/00271-bfc/00271-BFC-005_L.jpg
00271-bfc,네이비,#0f1d35,/images/products/00271-bfc/00271-BFC-031_L.jpg
00271-bfc,아미그린,#4a533c,/images/products/00271-bfc/00271-BFC-037_L.jpg
00271-bfc,차콜,#494b52,/images/products/00271-bfc/00271-BFC-129_L.jpg
00272-bfh,화이트,#ffffff,/images/products/00272-bfh/00272-BFH-001_L.jpg
00272-bfh,모쿠 그레이,#c6c8c9,/images/products/00272-bfh/00272-BFH-003_L.jpg
00272-bfh,블랙,#1a1a1a,/images/products/00272-bfh/00272-BFH-005_L.jpg
00272-bfh,네이비,#0f1d35,/images/products/00272-bfh/00272-BFH-031_L.jpg
00272-bfh,아미그린,#4a533c,/images/products/00272-bfh/00272-BFH-037_L.jpg
00272-bfh,차콜,#494b52,/images/products/00272-bfh/00272-BFH-129_L.jpg
00273-bfz,화이트,#ffffff,/images/products/00273-bfz/00273-BFZ-001_L.jpg
00273-bfz,모쿠 그레이,#c6c8c9,/images/products/00273-bfz/00273-BFZ-003_L.jpg
00273-bfz,블랙,#1a1a1a,/images/products/00273-bfz/00273-BFZ-005_L.jpg
00273-bfz,네이비,#0f1d35,/images/products/00273-bfz/00273-BFZ-031_L.jpg
00273-bfz,아미그린,#4a533c,/images/products/00273-bfz/00273-BFZ-037_L.jpg
00273-bfz,차콜,#494b52,/images/products/00273-bfz/00273-BFZ-129_L.jpg
00300-act,화이트,#ffffff,/images/products/00300-act/00300-ACT-001_M.jpg
00300-act,그레이,#9ca3af,/images/products/00300-act/00300-ACT-002_M.jpg
00300-act,블랙,#1a1a1a,/images/products/00300-act/00300-ACT-005_M.jpg
00300-act,레드,#e6193c,/images/products/00300-act/00300-ACT-010_M.jpg
00300-act,핑크,#f472b6,/images/products/00300-act/00300-ACT-011_M.jpg
00300-act,퍼플,#48339b,/images/products/00300-act/00300-ACT-014_M.jpg
00300-act,오렌지,#ff5f00,/images/products/00300-act/00300-ACT-015_M.jpg
00300-act,그린,#00874e,/images/products/00300-act/00300-ACT-025_M.jpg
00300-act,네이비,#0f1d35,/images/products/00300-act/00300-ACT-031_M.jpg
00300-act,로얄 블루,#054cb9,/images/products/00300-act/00300-ACT-032_M.jpg
00300-act,터코이즈,#00a2cc,/images/products/00300-act/00300-ACT-034_M.jpg
00300-act,아미그린,#4a533c,/images/products/00300-act/00300-ACT-037_M.jpg
00300-act,색상 047,#9ca3af,/images/products/00300-act/00300-ACT-047_M.jpg
00300-act,색상 048,#9ca3af,/images/products/00300-act/00300-ACT-048_M.jpg
00300-act,민트블루,#7dd3fc,/images/products/00300-act/00300-ACT-096_M.jpg
00300-act,버건디,#731630,/images/products/00300-act/00300-ACT-112_M.jpg
00300-act,올리브,#565d38,/images/products/00300-act/00300-ACT-128_M.jpg
00300-act,라이트 핑크,#ffccd5,/images/products/00300-act/00300-ACT-132_M.jpg
00300-act,라이트 블루,#a2dbe7,/images/products/00300-act/00300-ACT-133_M.jpg
00300-act,라이트 옐로우,#fff4ab,/images/products/00300-act/00300-ACT-134_M.jpg
00300-act,핫핑크,#e6006f,/images/products/00300-act/00300-ACT-146_M.jpg
00300-act,실버 그레이,#b8b6b9,/images/products/00300-act/00300-ACT-153_M.jpg
00300-act,라임,#84cc16,/images/products/00300-act/00300-ACT-155_M.jpg
00300-act,데이지,#ffcc00,/images/products/00300-act/00300-ACT-165_M.jpg
00300-act,다크 그레이,#374151,/images/products/00300-act/00300-ACT-187_M.jpg
00300-act,라이트 퍼플,#c3b2db,/images/products/00300-act/00300-ACT-188_M.jpg
00300-act,코요테,#a16207,/images/products/00300-act/00300-ACT-236_M.jpg
00300-act,라이트 베이지,#eddabf,/images/products/00300-act/00300-ACT-455_M.jpg
00300-act,스 그레이,#9ca3af,/images/products/00300-act/00300-ACT-901_M.jpg
00300-act,스 블루,#3b82f6,/images/products/00300-act/00300-ACT-902_M.jpg
00300-act,스 레드,#e6193c,/images/products/00300-act/00300-ACT-903_M.jpg
00300-act,스 퍼플,#48339b,/images/products/00300-act/00300-ACT-905_M.jpg
00302-adp,화이트,#ffffff,/images/products/00302-adp/00302-ADP-001_M.jpg
00302-adp,그레이,#9ca3af,/images/products/00302-adp/00302-ADP-002_M.jpg
00302-adp,블랙,#1a1a1a,/images/products/00302-adp/00302-ADP-005_M.jpg
00302-adp,레드,#e6193c,/images/products/00302-adp/00302-ADP-010_M.jpg
00302-adp,핑크,#f472b6,/images/products/00302-adp/00302-ADP-011_M.jpg
00302-adp,퍼플,#48339b,/images/products/00302-adp/00302-ADP-014_M.jpg
00302-adp,오렌지,#ff5f00,/images/products/00302-adp/00302-ADP-015_M.jpg
00302-adp,그린,#00874e,/images/products/00302-adp/00302-ADP-025_M.jpg
00302-adp,민트 그린,#a7f3d0,/images/products/00302-adp/00302-ADP-026_M.jpg
00302-adp,네이비,#0f1d35,/images/products/00302-adp/00302-ADP-031_M.jpg
00302-adp,로얄 블루,#054cb9,/images/products/00302-adp/00302-ADP-032_M.jpg
00302-adp,터코이즈,#00a2cc,/images/products/00302-adp/00302-ADP-034_M.jpg
00302-adp,아미그린,#4a533c,/images/products/00302-adp/00302-ADP-037_M.jpg
00302-adp,버건디,#731630,/images/products/00302-adp/00302-ADP-112_M.jpg
00302-adp,라이트 핑크,#ffccd5,/images/products/00302-adp/00302-ADP-132_M.jpg
00302-adp,라이트 블루,#a2dbe7,/images/products/00302-adp/00302-ADP-133_M.jpg
00302-adp,핫핑크,#e6006f,/images/products/00302-adp/00302-ADP-146_M.jpg
00302-adp,라임,#84cc16,/images/products/00302-adp/00302-ADP-155_M.jpg
00302-adp,데이지,#ffcc00,/images/products/00302-adp/00302-ADP-165_M.jpg
00302-adp,다크 그레이,#374151,/images/products/00302-adp/00302-ADP-187_M.jpg
00304-alt,화이트,#ffffff,/images/products/00304-alt/00304-ALT-001_L.jpg
00304-alt,그레이,#9ca3af,/images/products/00304-alt/00304-ALT-002_L.jpg
00304-alt,블랙,#1a1a1a,/images/products/00304-alt/00304-ALT-005_L.jpg
00304-alt,레드,#e6193c,/images/products/00304-alt/00304-ALT-010_L.jpg
00304-alt,퍼플,#48339b,/images/products/00304-alt/00304-ALT-014_L.jpg
00304-alt,라이트 그린,#86efac,/images/products/00304-alt/00304-ALT-024_L.jpg
00304-alt,그린,#00874e,/images/products/00304-alt/00304-ALT-025_L.jpg
00304-alt,네이비,#0f1d35,/images/products/00304-alt/00304-ALT-031_L.jpg
00304-alt,로얄 블루,#054cb9,/images/products/00304-alt/00304-ALT-032_L.jpg
00304-alt,터코이즈,#00a2cc,/images/products/00304-alt/00304-ALT-034_L.jpg
00304-alt,아미그린,#4a533c,/images/products/00304-alt/00304-ALT-037_L.jpg
00304-alt,버건디,#731630,/images/products/00304-alt/00304-ALT-112_L.jpg
00304-alt,라이트 블루,#a2dbe7,/images/products/00304-alt/00304-ALT-133_L.jpg
00313-abn,화이트,#ffffff,/images/products/00313-abn/00313-ABN-001_L.jpg
00313-abn,블랙,#1a1a1a,/images/products/00313-abn/00313-ABN-005_L.jpg
00313-abn,레드,#e6193c,/images/products/00313-abn/00313-ABN-010_L.jpg
00313-abn,그린,#00874e,/images/products/00313-abn/00313-ABN-025_L.jpg
00313-abn,네이비,#0f1d35,/images/products/00313-abn/00313-ABN-031_L.jpg
00313-abn,로얄 블루,#054cb9,/images/products/00313-abn/00313-ABN-032_L.jpg
00313-abn,코발트 블루,#0052ff,/images/products/00313-abn/00313-ABN-033_L.jpg
00313-abn,터코이즈,#00a2cc,/images/products/00313-abn/00313-ABN-034_L.jpg
00313-abn,버건디,#731630,/images/products/00313-abn/00313-ABN-112_L.jpg
00313-abn,라이트 핑크,#ffccd5,/images/products/00313-abn/00313-ABN-132_L.jpg
00313-abn,라임,#84cc16,/images/products/00313-abn/00313-ABN-155_L.jpg
00313-abn,데이지,#ffcc00,/images/products/00313-abn/00313-ABN-165_L.jpg
00321-acr,블랙,#1a1a1a,/images/products/00321-acr/00321-ACR-005_L.jpg
00321-acr,네이비,#0f1d35,/images/products/00321-acr/00321-ACR-031_L.jpg
00321-acr,다크 그레이,#374151,/images/products/00321-acr/00321-ACR-187_L.jpg
00321-acr,스 그레이,#9ca3af,/images/products/00321-acr/00321-ACR-901_L.jpg
00325-acp,그레이,#9ca3af,/images/products/00325-acp/00325-ACP-002_L.jpg
00325-acp,블랙,#1a1a1a,/images/products/00325-acp/00325-ACP-005_L.jpg
00325-acp,네이비,#0f1d35,/images/products/00325-acp/00325-ACP-031_L.jpg
00325-acp,다크 그레이,#374151,/images/products/00325-acp/00325-ACP-187_L.jpg
00330-avp,화이트,#ffffff,/images/products/00330-avp/00330-AVP-001_M.jpg
00330-avp,그레이,#9ca3af,/images/products/00330-avp/00330-AVP-002_M.jpg
00330-avp,블랙,#1a1a1a,/images/products/00330-avp/00330-AVP-005_M.jpg
00330-avp,레드,#e6193c,/images/products/00330-avp/00330-AVP-010_M.jpg
00330-avp,네이비,#0f1d35,/images/products/00330-avp/00330-AVP-031_M.jpg
00330-avp,로얄 블루,#054cb9,/images/products/00330-avp/00330-AVP-032_M.jpg
00330-avp,터코이즈,#00a2cc,/images/products/00330-avp/00330-AVP-034_M.jpg
00330-avp,버건디,#731630,/images/products/00330-avp/00330-AVP-112_M.jpg
00330-avp,라이트 핑크,#ffccd5,/images/products/00330-avp/00330-AVP-132_M.jpg
00330-avp,라이트 블루,#a2dbe7,/images/products/00330-avp/00330-AVP-133_M.jpg
00330-avp,라임,#84cc16,/images/products/00330-avp/00330-AVP-155_M.jpg
00330-avp,데이지,#ffcc00,/images/products/00330-avp/00330-AVP-165_M.jpg
00335-alp,화이트,#ffffff,/images/products/00335-alp/00335-ALP-001_L.jpg
00335-alp,그레이,#9ca3af,/images/products/00335-alp/00335-ALP-002_L.jpg
00335-alp,블랙,#1a1a1a,/images/products/00335-alp/00335-ALP-005_L.jpg
00335-alp,레드,#e6193c,/images/products/00335-alp/00335-ALP-010_L.jpg
00335-alp,민트 그린,#a7f3d0,/images/products/00335-alp/00335-ALP-026_L.jpg
00335-alp,네이비,#0f1d35,/images/products/00335-alp/00335-ALP-031_L.jpg
00335-alp,로얄 블루,#054cb9,/images/products/00335-alp/00335-ALP-032_L.jpg
00335-alp,버건디,#731630,/images/products/00335-alp/00335-ALP-112_L.jpg
00335-alp,라이트 블루,#a2dbe7,/images/products/00335-alp/00335-ALP-133_L.jpg
00338-amz,화이트,#ffffff,/images/products/00338-amz/00338-AMZ-001_L.jpg
00338-amz,블랙,#1a1a1a,/images/products/00338-amz/00338-AMZ-005_L.jpg
00338-amz,레드,#e6193c,/images/products/00338-amz/00338-AMZ-010_L.jpg
00338-amz,네이비,#0f1d35,/images/products/00338-amz/00338-AMZ-031_L.jpg
00338-amz,로얄 블루,#054cb9,/images/products/00338-amz/00338-AMZ-032_L.jpg
00338-amz,터코이즈,#00a2cc,/images/products/00338-amz/00338-AMZ-034_L.jpg
00338-amz,다크 그레이,#374151,/images/products/00338-amz/00338-AMZ-187_L.jpg
00339-ayp,색상 312,#9ca3af,/images/products/00339-ayp/00339-AYP-312_L.jpg
00339-ayp,색상 650,#9ca3af,/images/products/00339-ayp/00339-AYP-650_L.jpg
00339-ayp,색상 664,#9ca3af,/images/products/00339-ayp/00339-AYP-664_L.jpg
00339-ayp,색상 665,#9ca3af,/images/products/00339-ayp/00339-AYP-665_L.jpg
00339-ayp,색상 666,#9ca3af,/images/products/00339-ayp/00339-AYP-666_L.jpg
00339-ayp,색상 710,#9ca3af,/images/products/00339-ayp/00339-AYP-710_L.jpg
00339-ayp,색상 732,#9ca3af,/images/products/00339-ayp/00339-AYP-732_L.jpg
00346-afc,화이트,#ffffff,/images/products/00346-afc/00346-AFC-001_L.jpg
00346-afc,모쿠 그레이,#c6c8c9,/images/products/00346-afc/00346-AFC-003_L.jpg
00346-afc,블랙,#1a1a1a,/images/products/00346-afc/00346-AFC-005_L.jpg
00346-afc,네이비,#0f1d35,/images/products/00346-afc/00346-AFC-031_L.jpg
00346-afc,버건디,#731630,/images/products/00346-afc/00346-AFC-112_L.jpg
00347-afh,화이트,#ffffff,/images/products/00347-afh/00347-AFH-001_L.jpg
00347-afh,모쿠 그레이,#c6c8c9,/images/products/00347-afh/00347-AFH-003_L.jpg
00347-afh,블랙,#1a1a1a,/images/products/00347-afh/00347-AFH-005_L.jpg
00347-afh,네이비,#0f1d35,/images/products/00347-afh/00347-AFH-031_L.jpg
00347-afh,버건디,#731630,/images/products/00347-afh/00347-AFH-112_L.jpg
00348-afz,화이트,#ffffff,/images/products/00348-afz/00348-AFZ-001_L.jpg
00348-afz,모쿠 그레이,#c6c8c9,/images/products/00348-afz/00348-AFZ-003_L.jpg
00348-afz,블랙,#1a1a1a,/images/products/00348-afz/00348-AFZ-005_L.jpg
00348-afz,네이비,#0f1d35,/images/products/00348-afz/00348-AFZ-031_L.jpg
00348-afz,버건디,#731630,/images/products/00348-afz/00348-AFZ-112_L.jpg
00350-ait,화이트,#ffffff,/images/products/00350-ait/00350-AIT-001_L.jpg
00350-ait,블랙,#1a1a1a,/images/products/00350-ait/00350-AIT-005_L.jpg
00350-ait,레드,#e6193c,/images/products/00350-ait/00350-AIT-010_L.jpg
00350-ait,퍼플,#48339b,/images/products/00350-ait/00350-AIT-014_L.jpg
00350-ait,네이비,#0f1d35,/images/products/00350-ait/00350-AIT-031_L.jpg
00350-ait,로얄 블루,#054cb9,/images/products/00350-ait/00350-AIT-032_L.jpg
00350-ait,라이트 블루,#a2dbe7,/images/products/00350-ait/00350-AIT-133_L.jpg
00350-ait,다크 그레이,#374151,/images/products/00350-ait/00350-AIT-187_L.jpg
00353-ain,블랙,#1a1a1a,/images/products/00353-ain/00353-AIN-005_L.jpg
00353-ain,네이비,#0f1d35,/images/products/00353-ain/00353-AIN-031_L.jpg
00353-ain,다크 그레이,#374151,/images/products/00353-ain/00353-AIN-187_L.jpg
00731-cck,화이트,#ffffff,/images/products/00731-cck/00731-CCK-001_F.png
00731-cck,베이지,#d6c5b0,/images/products/00731-cck/00731-CCK-004_F.png
00731-cck,블랙,#1a1a1a,/images/products/00731-cck/00731-CCK-005_F.png
00731-cck,레드,#e6193c,/images/products/00731-cck/00731-CCK-010_F_B.jpg
00731-cck,네이비,#0f1d35,/images/products/00731-cck/00731-CCK-031_F_B.png
00731-cck,로얄 블루,#054cb9,/images/products/00731-cck/00731-CCK-032_F_B.jpg
00731-cck,아미그린,#4a533c,/images/products/00731-cck/00731-CCK-037_F_B.png
00760-enb,내추럴,#fafaf9,/images/products/00760-enb/00760-ENB-106_F-BIG.jpg
00762-enn,내추럴,#fafaf9,/images/products/00762-enn/00762-ENN-106_F.jpg
00778-tcc,블랙,#1a1a1a,/images/products/00778-tcc/00778-TCC-005_M.jpg
00778-tcc,네이비,#0f1d35,/images/products/00778-tcc/00778-TCC-031_M.jpg
00778-tcc,터코이즈,#00a2cc,/images/products/00778-tcc/00778-TCC-034_M.jpg
00778-tcc,내추럴,#fafaf9,/images/products/00778-tcc/00778-TCC-106_M.jpg
00778-tcc,라이트 블루,#a2dbe7,/images/products/00778-tcc/00778-TCC-133_M.jpg
00778-tcc,핫핑크,#e6006f,/images/products/00778-tcc/00778-TCC-146_M.jpg
00780-twt,색상 201,#9ca3af,/images/products/00780-twt/00780-TWT-201_M.jpg
00780-twt,색상 204,#9ca3af,/images/products/00780-twt/00780-TWT-204_M.jpg
00780-twt,색상 205,#9ca3af,/images/products/00780-twt/00780-TWT-205_M.jpg
00780-twt,색상 725,#9ca3af,/images/products/00780-twt/00780-TWT-725_M.jpg
