상품코드,자체 상품코드,진열상태,판매상태,상품분류 번호,상품분류 신상품영역,상품분류 추천상품영역,상품명,영문 상품명,상품명(관리용),공급사 상품명,모델명,상품 요약설명,상품 간략설명,상품 상세설명,모바일 상품 상세설명 설정,모바일 상품 상세설명,검색어설정,과세구분,소비자가,공급가,상품가,판매가,판매가 대체문구 사용,판매가 대체문구,주문수량 제한 기준,최소 주문수량(이상),최대 주문수량(이하),적립금,적립금 구분,공통이벤트 정보,성인인증,옵션사용,품목 구성방식,옵션 표시방식,옵션세트명,옵션입력,옵션 스타일,버튼이미지 설정,색상 설정,필수여부,품절표시 문구,추가입력옵션,추가입력옵션 명칭,추가입력옵션 선택/필수여부,입력글자수(자),이미지등록(상세),이미지등록(목록),이미지등록(작은목록),이미지등록(축소),이미지등록(추가),제조사,공급사,브랜드,트렌드,자체분류 코드,제조일자,출시일자,유효기간 사용여부,유효기간,원산지,상품부피(cm),상품결제안내,상품배송안내,교환/반품안내,서비스문의/안내,배송정보,배송방법,국내/해외배송,배송지역,배송비 선결제 설정,배송기간,배송비 구분,배송비입력,스토어픽업 설정,상품 전체중량(kg),HS코드,상품 구분(해외통관),상품소재,영문 상품소재(해외통관),옷감(해외통관),검색엔진최적화(SEO) 검색엔진 노출 설정,검색엔진최적화(SEO) Title,검색엔진최적화(SEO) Author,검색엔진최적화(SEO) Description,검색엔진최적화(SEO) Keywords,검색엔진최적화(SEO) 상품 이미지 Alt 텍스트,개별결제수단설정,상품배송유형 코드,메모
,00083-bbt,Y,Y,29,Y,Y,00083-BBT 라이트 라운드 티셔츠 (면32수),,,,00083-bbt,가볍고 시원한 착용감의 4.0온스 라이트 티셔츠,,32수 편면 조직(135g/㎡)으로 가볍게 짜여 한여름 이너나 대량 단체복 제작으로 적합합니다.,,,"프린트스타,데일리 웨어,00083-BBT 라이트 라운드 티셔츠 (면32수)",A|10,7600,7600,7600,7600,N,,,1,,,,,N,Y,T,C,,색상{화이트|모쿠 그레이|블랙|퍼플|네이비|로얄 블루|버건디|라이트 블루}//사이즈{150|160|S|M|L|XL|2XL},"P,S",,{#ffffff|#c6c8c9|#1a1a1a|#48339b|#0f1d35|#054cb9|#731630|#a2dbe7},,품절,,,,,/images/products/00083-bbt/00083-BBT-001_M.jpg,/images/products/00083-bbt/00083-BBT-001_M.jpg,/images/products/00083-bbt/00083-BBT-001_M.jpg,/images/products/00083-bbt/00083-BBT-001_M.jpg,,,,B000000B,,,,,N,,,,,,,,,B,A,전국,C,2|4,D,2000|3000|20000//2000|3000|4000,,,,,,,,Y,00083-BBT 라이트 라운드 티셔츠 (면32수),,가볍고 시원한 착용감의 4.0온스 라이트 티셔츠,"프린트스타,데일리 웨어",,"cash,mileage",C,
,00085-cvt,Y,Y,29,Y,Y,00085-CVT 베이직 라운드 티셔츠 (면17수),,,,00085-cvt,"누적 판매 1위, 전 세계 표준 베이직 티셔츠",,5.6온스(190g/㎡)의 도톰하고 탄탄한 17수 면 원단으로 비침이 없어 단체복 및 굿즈 제작용 부동의 1위입니다.,,,"프린트스타,데일리 웨어,00085-CVT 베이직 라운드 티셔츠 (면17수)",A|10,9400,9400,9400,9400,N,,,1,,,,,N,Y,T,C,,색상{화이트|모쿠 그레이|블랙|레드|핑크|퍼플|오렌지|그린|네이비|로얄 블루|터코이즈|아미그린|오트밀|애쉬|아이보리|인디고|데님|버건디|올리브|차콜|라이트 핑크|라이트 블루|라이트 옐로우|핫핑크|실버 그레이|데이지|재팬 블루|라이트 퍼플|아이스 그린|틸그린|코코아브라운|스모크옐로우|라이트세이지|모스그레이|애시드블루}//사이즈{110|120|130|140|150|160|XS|S|M|L|XL|2XL|3XL|4XL},"P,S",,{#ffffff|#c6c8c9|#1a1a1a|#e6193c|#f472b6|#48339b|#ff5f00|#00874e|#0f1d35|#054cb9|#00a2cc|#4a533c|#e2dbcd|#e1e4e6|#faf8f0|#182a47|#536881|#731630|#565d38|#494b52|#ffccd5|#a2dbe7|#fff4ab|#e6006f|#b8b6b9|#ffcc00|#1b4aa6|#c3b2db|#9be0cd|#134e4d|#5a4540|#d2b786|#9cb8a7|#859897|#98adc2},,품절,,,,,/images/products/00085-cvt/00085-CVT-001_M.jpg,/images/products/00085-cvt/00085-CVT-001_M.jpg,/images/products/00085-cvt/00085-CVT-001_M.jpg,/images/products/00085-cvt/00085-CVT-001_M.jpg,,,,B000000B,,,,,N,,,,,,,,,B,A,전국,C,2|4,D,2000|3000|20000//2000|3000|4000,,,,,,,,Y,00085-CVT 베이직 라운드 티셔츠 (면17수),,"누적 판매 1위, 전 세계 표준 베이직 티셔츠","프린트스타,데일리 웨어",,"cash,mileage",C,
,00086-dmt,Y,Y,29,Y,Y,00086-DMT 스탠다드 라운드 티셔츠 (면20수),,,,00086-dmt,알맞게 슬림하며 적당한 두께의 20수 면 티셔츠,,적당한 두께감(170g/㎡)의 20수 원사를 사용하여 입었을 때 바디 실루엣이 세련되고 편안합니다.,,,"프린트스타,데일리 웨어,00086-DMT 스탠다드 라운드 티셔츠 (면20수)",A|10,8400,8400,8400,8400,N,,,1,,,,,N,Y,T,C,,색상{화이트|모쿠 그레이|블랙|레드|퍼플|오렌지|옐로우|라이트 그린|민트 그린|네이비|로얄 블루|터코이즈|아미그린|오트밀|버건디|차콜|라이트 핑크|라이트 블루}//사이즈{100|110|120|130|140|150|160|S|M|L|XL|2XL|3XL},"P,S",,{#ffffff|#c6c8c9|#1a1a1a|#e6193c|#48339b|#ff5f00|#facc15|#86efac|#a7f3d0|#0f1d35|#054cb9|#00a2cc|#4a533c|#e2dbcd|#731630|#494b52|#ffccd5|#a2dbe7},,품절,,,,,/images/products/00086-dmt/00086-DMT-001_M.jpg,/images/products/00086-dmt/00086-DMT-001_M.jpg,/images/products/00086-dmt/00086-DMT-001_M.jpg,/images/products/00086-dmt/00086-DMT-001_M.jpg,,,,B000000B,,,,,N,,,,,,,,,B,A,전국,C,2|4,D,2000|3000|20000//2000|3000|4000,,,,,,,,Y,00086-DMT 스탠다드 라운드 티셔츠 (면20수),,알맞게 슬림하며 적당한 두께의 20수 면 티셔츠,"프린트스타,데일리 웨어",,"cash,mileage",C,
,00087-oet,Y,Y,29,Y,Y,00087-OET 하이 그레이드 리브 바인딩 티셔츠 (OE면사 16수),,,,00087-oet,아메리칸 감성의 터프한 오픈엔드 원사 바인딩 넥 티셔츠,,오픈엔드(OE)사로 짜여 드라이하고 거친 텍스처를 선사하며 넥 라인을 이중 바인딩 마감하여 변형을 막아줍니다.,,,"프린트스타,데일리 웨어,00087-OET 하이 그레이드 리브 바인딩 티셔츠 (OE면사 16수)",A|10,10200,10200,10200,10200,N,,,1,,,,,N,Y,T,C,,색상{화이트|블랙|네이비|아미그린|아이보리|차콜|메트로블루|코코아브라운|스모크옐로우|스모크블랙|모스그레이|애시드블루|라이트 베이지}//사이즈{S|M|L|XL|2XL|3XL},"P,S",,{#ffffff|#1a1a1a|#0f1d35|#4a533c|#faf8f0|#494b52|#1e40af|#5a4540|#d2b786|#262626|#859897|#98adc2|#eddabf},,품절,,,,,/images/products/00087-oet/00087-OET-001_L.jpg,/images/products/00087-oet/00087-OET-001_L.jpg,/images/products/00087-oet/00087-OET-001_L.jpg,/images/products/00087-oet/00087-OET-001_L.jpg,,,,B000000B,,,,,N,,,,,,,,,B,A,전국,C,2|4,D,2000|3000|20000//2000|3000|4000,,,,,,,,Y,00087-OET 하이 그레이드 리브 바인딩 티셔츠 (OE면사 16수),,아메리칸 감성의 터프한 오픈엔드 원사 바인딩 넥 티셔츠,"프린트스타,데일리 웨어",,"cash,mileage",C,
,00095-cve,Y,Y,29,Y,Y,"00095-CVE 베이직 라운드 티셔츠 (면17수, 트렌디 컬러)",,,,00095-cve,00085-CVT 면사 사양에 최신 감성 컬러를 가미한 스페셜 컬렉션,,프린트스타 대표작 00085-CVT와 동일한 원단감에 트렌디한 시즌 한정 색상을 특별 제공합니다.,,,"프린트스타,데일리 웨어,00095-CVE 베이직 라운드 티셔츠 (면17수, 트렌디 컬러)",A|10,9400,9400,9400,9400,N,,,1,,,,,N,Y,T,C,,색상{시멘트|코요테|샌드카키}//사이즈{160|XS|S|M|L|XL|2XL|3XL},"P,S",,{#a1a1aa|#a16207|#78716c},,품절,,,,,/images/products/00095-cve/00095-CVE-151_M.jpg,/images/products/00095-cve/00095-CVE-151_M.jpg,/images/products/00095-cve/00095-CVE-151_M.jpg,/images/products/00095-cve/00095-CVE-151_M.jpg,,,,B000000B,,,,,N,,,,,,,,,B,A,전국,C,2|4,D,2000|3000|20000//2000|3000|4000,,,,,,,,Y,"00095-CVE 베이직 라운드 티셔츠 (면17수, 트렌디 컬러)",,00085-CVT 면사 사양에 최신 감성 컬러를 가미한 스페셜 컬렉션,"프린트스타,데일리 웨어",,"cash,mileage",C,
,00102-cvl,Y,Y,29,Y,Y,00102-CVL 베이직 라운드 긴팔 티셔츠 (면17수),,,,00102-cvl,탄탄한 17수 베이직 라운드 티셔츠의 오리지널 긴팔 버전,,5.6온스 면 100% 원단으로 제작되어 비침이 없고 사계절 내내 코디하기 유용한 기본 라운드 긴팔 티셔츠입니다.,,,"프린트스타,데일리 웨어,00102-CVL 베이직 라운드 긴팔 티셔츠 (면17수)",A|10,13000,13000,13000,13000,N,,,1,,,,,N,Y,T,C,,색상{화이트|모쿠 그레이|블랙|레드|네이비|로얄 블루|아미그린|버건디}//사이즈{110|130|150|XS|S|M|L|XL|2XL|3XL},"P,S",,{#ffffff|#c6c8c9|#1a1a1a|#e6193c|#0f1d35|#054cb9|#4a533c|#731630},,품절,,,,,/images/products/00102-cvl/00102-CVL-001_M.jpg,/images/products/00102-cvl/00102-CVL-001_M.jpg,/images/products/00102-cvl/00102-CVL-001_M.jpg,/images/products/00102-cvl/00102-CVL-001_M.jpg,,,,B000000B,,,,,N,,,,,,,,,B,A,전국,C,2|4,D,2000|3000|20000//2000|3000|4000,,,,,,,,Y,00102-CVL 베이직 라운드 긴팔 티셔츠 (면17수),,탄탄한 17수 베이직 라운드 티셔츠의 오리지널 긴팔 버전,"프린트스타,데일리 웨어",,"cash,mileage",C,
,00109-pct,Y,Y,29,Y,Y,00109-PCT 베이직 라운드 포켓 티셔츠 (면17수),,,,00109-pct,왼가슴 유틸리티 포켓이 장착된 실용적인 데일리 티셔츠,,17수 평직 원단으로 제작되어 튼튼하며 왼쪽 가슴에 실용적인 크기의 포켓이 위치해 포인트 이너로 적합합니다.,,,"프린트스타,데일리 웨어,00109-PCT 베이직 라운드 포켓 티셔츠 (면17수)",A|10,10600,10600,10600,10600,N,,,1,,,,,N,Y,T,C,,색상{화이트|모쿠 그레이|블랙|네이비|아미그린}//사이즈{S|M|L|XL|2XL|3XL},"P,S",,{#ffffff|#c6c8c9|#1a1a1a|#0f1d35|#4a533c},,품절,,,,,/images/products/00109-pct/00109-PCT-001.jpg,/images/products/00109-pct/00109-PCT-001.jpg,/images/products/00109-pct/00109-PCT-001.jpg,/images/products/00109-pct/00109-PCT-001.jpg,,,,B000000B,,,,,N,,,,,,,,,B,A,전국,C,2|4,D,2000|3000|20000//2000|3000|4000,,,,,,,,Y,00109-PCT 베이직 라운드 포켓 티셔츠 (면17수),,왼가슴 유틸리티 포켓이 장착된 실용적인 데일리 티셔츠,"프린트스타,데일리 웨어",,"cash,mileage",C,
,00110-cll,Y,Y,29,Y,Y,00110-CLL 베이직 라운드 시보리 긴팔 티셔츠 (면17수),,,,00110-cll,소매단 시보리(시보리) 마감으로 흘러내림을 방지한 긴팔 티셔츠,,손목 리브(시보리) 처리가 되어 있어 소매 걷어 올리기 편하며 형태 안정성이 뛰어난 17수 긴팔 티셔츠입니다.,,,"프린트스타,데일리 웨어,00110-CLL 베이직 라운드 시보리 긴팔 티셔츠 (면17수)",A|10,14400,14400,14400,14400,N,,,1,,,,,N,Y,T,C,,색상{화이트|모쿠 그레이|블랙|네이비|아이보리}//사이즈{XS|S|M|L|XL|2XL|3XL},"P,S",,{#ffffff|#c6c8c9|#1a1a1a|#0f1d35|#faf8f0},,품절,,,,,/images/products/00110-cll/00110-CLL-001_M.jpg,/images/products/00110-cll/00110-CLL-001_M.jpg,/images/products/00110-cll/00110-CLL-001_M.jpg,/images/products/00110-cll/00110-CLL-001_M.jpg,,,,B000000B,,,,,N,,,,,,,,,B,A,전국,C,2|4,D,2000|3000|20000//2000|3000|4000,,,,,,,,Y,00110-CLL 베이직 라운드 시보리 긴팔 티셔츠 (면17수),,소매단 시보리(시보리) 마감으로 흘러내림을 방지한 긴팔 티셔츠,"프린트스타,데일리 웨어",,"cash,mileage",C,
,00113-bcv,Y,Y,29,Y,Y,00113-BCV 오버핏 라운드 티셔츠 (면17수),,,,00113-bcv,넓은 어깨폭과 짧은 기장으로 스타일리시한 와이드 루즈핏 티셔츠,,어깨 라인이 넉넉히 떨어지는 루즈핏 실루엣으로 요즘 스트릿 코디 및 크롭 스타일링에 완벽하게 어울립니다.,,,"프린트스타,데일리 웨어,00113-BCV 오버핏 라운드 티셔츠 (면17수)",A|10,11400,11400,11400,11400,N,,,1,,,,,N,Y,T,C,,색상{화이트|모쿠 그레이|블랙|네이비|카멜|더스티 핑크|다크 브라운|더스티 블루}//사이즈{S|M|L|XL},"P,S",,{#ffffff|#c6c8c9|#1a1a1a|#0f1d35|#b45309|#f472b6|#3b2314|#60a5fa},,품절,,,,,/images/products/00113-bcv/00113-BCV-001_M.jpg,/images/products/00113-bcv/00113-BCV-001_M.jpg,/images/products/00113-bcv/00113-BCV-001_M.jpg,/images/products/00113-bcv/00113-BCV-001_M.jpg,,,,B000000B,,,,,N,,,,,,,,,B,A,전국,C,2|4,D,2000|3000|20000//2000|3000|4000,,,,,,,,Y,00113-BCV 오버핏 라운드 티셔츠 (면17수),,넓은 어깨폭과 짧은 기장으로 스타일리시한 와이드 루즈핏 티셔츠,"프린트스타,데일리 웨어",,"cash,mileage",C,
,00141-nvp,Y,Y,29,Y,Y,00141-NVP 드라이 포켓 폴로셔츠 (T/C),,,,00141-nvp,드라이 흡습 속건 기능이 접목된 가슴 포켓 포멀 폴로 셔츠,,면과 폴리에스터의 혼방으로 편안한 착용감과 쾌적한 땀 흡수 기능을 동시에 겸비하여 쿨비즈 단체복으로 안성맞춤입니다.,,,"프린트스타,데일리 웨어,00141-NVP 드라이 포켓 폴로셔츠 (T/C)",A|10,12000,12000,12000,12000,N,,,1,,,,,N,Y,T,C,,색상{화이트|블랙|오렌지|네이비|로얄 블루}//사이즈{XS|S|M|L|XL|2XL|3XL|4XL|5XL},"P,S",,{#ffffff|#1a1a1a|#ff5f00|#0f1d35|#054cb9},,품절,,,,,/images/products/00141-nvp/00141-NVP-001_L.jpg,/images/products/00141-nvp/00141-NVP-001_L.jpg,/images/products/00141-nvp/00141-NVP-001_L.jpg,/images/products/00141-nvp/00141-NVP-001_L.jpg,,,,B000000B,,,,,N,,,,,,,,,B,A,전국,C,2|4,D,2000|3000|20000//2000|3000|4000,,,,,,,,Y,00141-NVP 드라이 포켓 폴로셔츠 (T/C),,드라이 흡습 속건 기능이 접목된 가슴 포켓 포멀 폴로 셔츠,"프린트스타,데일리 웨어",,"cash,mileage",C,
,00148-hvt,Y,Y,29,Y,Y,00148-HVT 헤비 라운드 티셔츠 (면14수),,,,00148-hvt,"7.4온스의 압도적인 중량감, 프린트스타 최상위 헤비웨이트 면티",,가장 두꺼운 14수 오리지널 카드사를 활용해 비침 우려가 전혀 없으며 오래 세탁해도 변형이 거의 없는 프리미엄 티셔츠입니다.,,,"프린트스타,데일리 웨어,00148-HVT 헤비 라운드 티셔츠 (면14수)",A|10,12800,12800,12800,12800,N,,,1,,,,,N,Y,T,C,,색상{화이트|모쿠 그레이|블랙|레드|네이비|로얄 블루|아미그린|아이보리|버건디|라이트 핑크|라이트 블루|사파리|아이비그린|더스티 핑크|라이트세이지|다크 브라운|라이트 베이지|더스티 블루}//사이즈{XS|S|M|L|XL|2XL|3XL},"P,S",,{#ffffff|#c6c8c9|#1a1a1a|#e6193c|#0f1d35|#054cb9|#4a533c|#faf8f0|#731630|#ffccd5|#a2dbe7|#b45309|#064e3b|#f472b6|#9cb8a7|#3b2314|#eddabf|#60a5fa},,품절,,,,,/images/products/00148-hvt/00148-HVT-001_M.jpg,/images/products/00148-hvt/00148-HVT-001_M.jpg,/images/products/00148-hvt/00148-HVT-001_M.jpg,/images/products/00148-hvt/00148-HVT-001_M.jpg,,,,B000000B,,,,,N,,,,,,,,,B,A,전국,C,2|4,D,2000|3000|20000//2000|3000|4000,,,,,,,,Y,00148-HVT 헤비 라운드 티셔츠 (면14수),,"7.4온스의 압도적인 중량감, 프린트스타 최상위 헤비웨이트 면티","프린트스타,데일리 웨어",,"cash,mileage",C,
,00149-hvl,Y,Y,29,Y,Y,00149-HVL 헤비 라운드 시보리 긴팔 티셔츠 (면14수),,,,00149-hvl,7.4온스의 초고밀도 원단과 시보리 마감 프리미엄 긴팔 티셔츠,,최상급 14수 코튼사로 묵직한 중량감을 느낄 수 있으며 손목 리브 마감으로 완성도를 높인 프리미엄 라운드 롱슬리브입니다.,,,"프린트스타,데일리 웨어,00149-HVL 헤비 라운드 시보리 긴팔 티셔츠 (면14수)",A|10,16800,16800,16800,16800,N,,,1,,,,,N,Y,T,C,,색상{화이트|모쿠 그레이|블랙|네이비|라이트 핑크}//사이즈{XS|S|M|L|XL|2XL|3XL},"P,S",,{#ffffff|#c6c8c9|#1a1a1a|#0f1d35|#ffccd5},,품절,,,,,/images/products/00149-hvl/00149-HVL-001_M.jpg,/images/products/00149-hvl/00149-HVL-001_M.jpg,/images/products/00149-hvl/00149-HVL-001_M.jpg,/images/products/00149-hvl/00149-HVL-001_M.jpg,,,,B000000B,,,,,N,,,,,,,,,B,A,전국,C,2|4,D,2000|3000|20000//2000|3000|4000,,,,,,,,Y,00149-HVL 헤비 라운드 시보리 긴팔 티셔츠 (면14수),,7.4온스의 초고밀도 원단과 시보리 마감 프리미엄 긴팔 티셔츠,"프린트스타,데일리 웨어",,"cash,mileage",C,
,00183-nsc,Y,Y,29,Y,Y,00183-NSC 헤비웨이트 맨투맨 (9.7oz),,,,00183-nsc,9.7온스 기모 안감의 탄탄한 스탠다드 핏 크루넥 스웨트셔츠,,도톰한 기모 짜임 구조로 방한성과 부드러운 촉감을 강조한 데일리 크루넥 맨투맨입니다.,,,"프린트스타,데일리 웨어,00183-NSC 헤비웨이트 맨투맨 (9.7oz)",A|10,24800,24800,24800,24800,N,,,1,,,,,N,Y,T,C,,색상{화이트|모쿠 그레이|블랙|네이비|로얄 블루|오트밀|버건디}//사이즈{XS|S|M|L|XL|2XL|3XL|4XL},"P,S",,{#ffffff|#c6c8c9|#1a1a1a|#0f1d35|#054cb9|#e2dbcd|#731630},,품절,,,,,/images/products/00183-nsc/00183-NSC-001_L.jpg,/images/products/00183-nsc/00183-NSC-001_L.jpg,/images/products/00183-nsc/00183-NSC-001_L.jpg,/images/products/00183-nsc/00183-NSC-001_L.jpg,,,,B000000B,,,,,N,,,,,,,,,B,A,전국,C,2|4,D,2000|3000|20000//2000|3000|4000,,,,,,,,Y,00183-NSC 헤비웨이트 맨투맨 (9.7oz),,9.7온스 기모 안감의 탄탄한 스탠다드 핏 크루넥 스웨트셔츠,"프린트스타,데일리 웨어",,"cash,mileage",C,
,00188-nnh,Y,Y,26,Y,Y,00188-NNH 헤비웨이트 풀오버 후드티 (9.7oz),,,,00188-nnh,9.7온스 고밀도 기모 원단의 오리지널 풀오버 후드티,,바디 전체를 따뜻하게 감싸주는 헤비웨이트 스웨트 원단과 이중 후드로 각이 잡히는 오리지널 후디입니다.,,,"프린트스타,굿즈/라이프스타일,00188-NNH 헤비웨이트 풀오버 후드티 (9.7oz)",A|10,36800,36800,36800,36800,N,,,1,,,,,N,Y,T,C,,색상{화이트|모쿠 그레이|블랙|네이비|로얄 블루|오트밀|버건디}//사이즈{XS|S|M|L|XL|2XL|3XL|4XL},"P,S",,{#ffffff|#c6c8c9|#1a1a1a|#0f1d35|#054cb9|#e2dbcd|#731630},,품절,,,,,/images/products/00188-nnh/00188-NNH-001_L.jpg,/images/products/00188-nnh/00188-NNH-001_L.jpg,/images/products/00188-nnh/00188-NNH-001_L.jpg,/images/products/00188-nnh/00188-NNH-001_L.jpg,,,,B000000B,,,,,N,,,,,,,,,B,A,전국,C,2|4,D,2000|3000|20000//2000|3000|4000,,,,,,,,Y,00188-NNH 헤비웨이트 풀오버 후드티 (9.7oz),,9.7온스 고밀도 기모 원단의 오리지널 풀오버 후드티,"프린트스타,굿즈/라이프스타일",,"cash,mileage",C,
,00189-nnz,Y,Y,26,Y,Y,00189-NNZ 헤비웨이트 집업 후드티 (9.7oz),,,,00189-nnz,"아우터로 활용성 극대화, 9.7온스 기모 집업 후드",,견고한 전면 메탈 지퍼 슬라이더와 양측 핸드 워머 포켓이 접목되어 레이어드 자켓으로 활용도가 높습니다.,,,"프린트스타,굿즈/라이프스타일,00189-NNZ 헤비웨이트 집업 후드티 (9.7oz)",A|10,41800,41800,41800,41800,N,,,1,,,,,N,Y,T,C,,색상{화이트|모쿠 그레이|블랙|네이비|로얄 블루|오트밀|버건디}//사이즈{XS|S|M|L|XL|2XL|3XL|4XL},"P,S",,{#ffffff|#c6c8c9|#1a1a1a|#0f1d35|#054cb9|#e2dbcd|#731630},,품절,,,,,/images/products/00189-nnz/00189-NNZ-001_L.jpg,/images/products/00189-nnz/00189-NNZ-001_L.jpg,/images/products/00189-nnz/00189-NNZ-001_L.jpg,/images/products/00189-nnz/00189-NNZ-001_L.jpg,,,,B000000B,,,,,N,,,,,,,,,B,A,전국,C,2|4,D,2000|3000|20000//2000|3000|4000,,,,,,,,Y,00189-NNZ 헤비웨이트 집업 후드티 (9.7oz),,"아우터로 활용성 극대화, 9.7온스 기모 집업 후드","프린트스타,굿즈/라이프스타일",,"cash,mileage",C,
,00207-nah,Y,Y,26,Y,Y,00207-NAH 스탠다드 후드 윈드브레이커,,,,00207-nah,생활 방수와 바람막이 기능의 캐주얼 아우터 후드 자켓,,내구성 높은 나일론/폴리 태피터 소재로 찬바람을 완벽히 차단하고 가벼운 빗방울을 튕겨내는 아웃도어 쉘입니다.,,,"프린트스타,굿즈/라이프스타일,00207-NAH 스탠다드 후드 윈드브레이커",A|10,29800,29800,29800,29800,N,,,1,,,,,N,Y,T,C,,색상{화이트|그레이|블랙|네이비|아미그린|애시드블루|라이트 베이지}//사이즈{S|M|L|XL|2XL},"P,S",,{#ffffff|#9ca3af|#1a1a1a|#0f1d35|#4a533c|#98adc2|#eddabf},,품절,,,,,/images/products/00207-nah/00207-NAH-001_L.jpg,/images/products/00207-nah/00207-NAH-001_L.jpg,/images/products/00207-nah/00207-NAH-001_L.jpg,/images/products/00207-nah/00207-NAH-001_L.jpg,,,,B000000B,,,,,N,,,,,,,,,B,A,전국,C,2|4,D,2000|3000|20000//2000|3000|4000,,,,,,,,Y,00207-NAH 스탠다드 후드 윈드브레이커,,생활 방수와 바람막이 기능의 캐주얼 아우터 후드 자켓,"프린트스타,굿즈/라이프스타일",,"cash,mileage",C,
,00208-naz,Y,Y,26,Y,Y,00208-NAZ 스탠다드 집업 스탠드 카라 자켓,,,,00208-naz,단정하고 활동성이 용이한 집업 바람막이,,하이넥 구조의 스탠드 카라로 체온 유지가 쉬우며 트레이닝 및 작업용 유니폼으로 활용하기 편리합니다.,,,"프린트스타,굿즈/라이프스타일,00208-NAZ 스탠다드 집업 스탠드 카라 자켓",A|10,32800,32800,32800,32800,N,,,1,,,,,N,Y,T,C,,색상{화이트|그레이|블랙|네이비|아미그린|애시드블루|라이트 베이지}//사이즈{S|M|L|XL|2XL},"P,S",,{#ffffff|#9ca3af|#1a1a1a|#0f1d35|#4a533c|#98adc2|#eddabf},,품절,,,,,/images/products/00208-naz/00208-NAZ-001_L.jpg,/images/products/00208-naz/00208-NAZ-001_L.jpg,/images/products/00208-naz/00208-NAZ-001_L.jpg,/images/products/00208-naz/00208-NAZ-001_L.jpg,,,,B000000B,,,,,N,,,,,,,,,B,A,전국,C,2|4,D,2000|3000|20000//2000|3000|4000,,,,,,,,Y,00208-NAZ 스탠다드 집업 스탠드 카라 자켓,,단정하고 활동성이 용이한 집업 바람막이,"프린트스타,굿즈/라이프스타일",,"cash,mileage",C,
,00210-nac,Y,Y,26,Y,Y,00210-NAC 스탠다드 윈드브레이커 코치 자켓,,,,00210-nac,"레트로 스트릿 룩의 대명사, 밑단 조절형 코치 자켓",,소매 리브 처리와 밑단 드로코드가 설계되어 다채로운 연출이 가능하며 힙한 자수 프린팅 마킹에 제격입니다.,,,"프린트스타,굿즈/라이프스타일,00210-NAC 스탠다드 윈드브레이커 코치 자켓",A|10,34800,34800,34800,34800,N,,,1,,,,,N,Y,T,C,,색상{화이트|그레이|블랙|네이비|아미그린|애시드블루|라이트 베이지}//사이즈{S|M|L|XL|2XL},"P,S",,{#ffffff|#9ca3af|#1a1a1a|#0f1d35|#4a533c|#98adc2|#eddabf},,품절,,,,,/images/products/00210-nac/00210-NAC-001_L.jpg,/images/products/00210-nac/00210-NAC-001_L.jpg,/images/products/00210-nac/00210-NAC-001_L.jpg,/images/products/00210-nac/00210-NAC-001_L.jpg,,,,B000000B,,,,,N,,,,,,,,,B,A,전국,C,2|4,D,2000|3000|20000//2000|3000|4000,,,,,,,,Y,00210-NAC 스탠다드 윈드브레이커 코치 자켓,,"레트로 스트릿 룩의 대명사, 밑단 조절형 코치 자켓","프린트스타,굿즈/라이프스타일",,"cash,mileage",C,
,00216-mlh,Y,Y,26,Y,Y,00216-MLH 라이트 풀오버 후드티 (8.4oz),,,,00216-mlh,8.4온스의 가볍고 활동하기 편리한 사계절 풀오버 후디,,얇지만 탄탄한 타올 쮸리 원단(기모 없음)으로 가을/겨울뿐 아니라 봄철 아우터 이너로도 편안합니다.,,,"프린트스타,굿즈/라이프스타일,00216-MLH 라이트 풀오버 후드티 (8.4oz)",A|10,26800,26800,26800,26800,N,,,1,,,,,N,Y,T,C,,색상{화이트|모쿠 그레이|블랙|블루|오트밀|버건디|네이비}//사이즈{110|130|150|WM|S|M|L|XL|2XL|3XL},"P,S",,{#ffffff|#c6c8c9|#1a1a1a|#3b82f6|#e2dbcd|#731630|#0f1d35},,품절,,,,,/images/products/00216-mlh/00216-MLH-001_L.jpg,/images/products/00216-mlh/00216-MLH-001_L.jpg,/images/products/00216-mlh/00216-MLH-001_L.jpg,/images/products/00216-mlh/00216-MLH-001_L.jpg,,,,B000000B,,,,,N,,,,,,,,,B,A,전국,C,2|4,D,2000|3000|20000//2000|3000|4000,,,,,,,,Y,00216-MLH 라이트 풀오버 후드티 (8.4oz),,8.4온스의 가볍고 활동하기 편리한 사계절 풀오버 후디,"프린트스타,굿즈/라이프스타일",,"cash,mileage",C,
,00217-mlz,Y,Y,26,Y,Y,00217-MLZ 라이트 집업 후드티 (8.4oz),,,,00217-mlz,간편한 탈착이 매력적인 8.4온스 슬림 핏 집업 후디,,스포티하고 단정한 핏의 실루엣으로 데일리 가볍게 아우터 레이어링 자켓으로 걸쳐 입기 최적입니다.,,,"프린트스타,굿즈/라이프스타일,00217-MLZ 라이트 집업 후드티 (8.4oz)",A|10,31800,31800,31800,31800,N,,,1,,,,,N,Y,T,C,,색상{화이트|모쿠 그레이|블랙|블루|오트밀|버건디|네이비}//사이즈{110|130|150|WM|S|M|L|XL|2XL|3XL},"P,S",,{#ffffff|#c6c8c9|#1a1a1a|#3b82f6|#e2dbcd|#731630|#0f1d35},,품절,,,,,/images/products/00217-mlz/00217-MLZ-001_L.jpg,/images/products/00217-mlz/00217-MLZ-001_L.jpg,/images/products/00217-mlz/00217-MLZ-001_L.jpg,/images/products/00217-mlz/00217-MLZ-001_L.jpg,,,,B000000B,,,,,N,,,,,,,,,B,A,전국,C,2|4,D,2000|3000|20000//2000|3000|4000,,,,,,,,Y,00217-MLZ 라이트 집업 후드티 (8.4oz),,간편한 탈착이 매력적인 8.4온스 슬림 핏 집업 후디,"프린트스타,굿즈/라이프스타일",,"cash,mileage",C,
,00218-mlp,Y,Y,29,Y,Y,00218-MLP 라이트 스웨트 조거 팬츠 (8.4oz),,,,00218-mlp,발목을 감싸주어 단정한 8.4온스 스웨트 조거 팬츠,,허리 고무줄 스트링과 탄력 있는 발목 시보리로 스포티함과 홈웨어를 넘나드는 편리한 착용감을 줍니다.,,,"프린트스타,데일리 웨어,00218-MLP 라이트 스웨트 조거 팬츠 (8.4oz)",A|10,21800,21800,21800,21800,N,,,1,,,,,N,Y,T,C,,색상{화이트|모쿠 그레이|블랙|블루|오트밀|버건디|네이비}//사이즈{110|130|150|WM|S|M|L|XL|2XL},"P,S",,{#ffffff|#c6c8c9|#1a1a1a|#3b82f6|#e2dbcd|#731630|#0f1d35},,품절,,,,,/images/products/00218-mlp/00218-MLP-001_L.jpg,/images/products/00218-mlp/00218-MLP-001_L.jpg,/images/products/00218-mlp/00218-MLP-001_L.jpg,/images/products/00218-mlp/00218-MLP-001_L.jpg,,,,B000000B,,,,,N,,,,,,,,,B,A,전국,C,2|4,D,2000|3000|20000//2000|3000|4000,,,,,,,,Y,00218-MLP 라이트 스웨트 조거 팬츠 (8.4oz),,발목을 감싸주어 단정한 8.4온스 스웨트 조거 팬츠,"프린트스타,데일리 웨어",,"cash,mileage",C,
,00219-mlc,Y,Y,29,Y,Y,00219-MLC 라이트 크루넥 맨투맨 (8.4oz),,,,00219-mlc,부담 없이 편안하게 즐기는 8.4온스 크루넥 스웨트 셔츠,,적당한 두께감의 쮸리 원단(100% 면)으로 사계절 내내 단체복 유니폼으로 즐길 수 있는 미니멀 맨투맨입니다.,,,"프린트스타,데일리 웨어,00219-MLC 라이트 크루넥 맨투맨 (8.4oz)",A|10,18800,18800,18800,18800,N,,,1,,,,,N,Y,T,C,,색상{화이트|모쿠 그레이|블랙|블루|오트밀|버건디|브라이트 그린|네이비}//사이즈{110|130|150|WM|S|M|L|XL|2XL|3XL},"P,S",,{#ffffff|#c6c8c9|#1a1a1a|#3b82f6|#e2dbcd|#731630|#22c55e|#0f1d35},,품절,,,,,/images/products/00219-mlc/00219-MLC-001_L.jpg,/images/products/00219-mlc/00219-MLC-001_L.jpg,/images/products/00219-mlc/00219-MLC-001_L.jpg,/images/products/00219-mlc/00219-MLC-001_L.jpg,,,,B000000B,,,,,N,,,,,,,,,B,A,전국,C,2|4,D,2000|3000|20000//2000|3000|4000,,,,,,,,Y,00219-MLC 라이트 크루넥 맨투맨 (8.4oz),,부담 없이 편안하게 즐기는 8.4온스 크루넥 스웨트 셔츠,"프린트스타,데일리 웨어",,"cash,mileage",C,
,00220-mhp,Y,Y,29,Y,Y,00220-MHP 헤비웨이트 크루넥 스웨트 셔츠 (9.7oz),,,,00220-mhp,9.7온스의 보온성 높은 기모 안감 볼드 크루넥,,중후한 핏의 고중량 원단으로 실루엣이 탄탄하며 추운 겨울철 이너로 완벽합니다.,,,"프린트스타,데일리 웨어,00220-MHP 헤비웨이트 크루넥 스웨트 셔츠 (9.7oz)",A|10,23800,23800,23800,23800,N,,,1,,,,,N,Y,T,C,,색상{모쿠 그레이|블랙|네이비}//사이즈{XS|S|M|L|XL|2XL|3XL|4XL},"P,S",,{#c6c8c9|#1a1a1a|#0f1d35},,품절,,,,,/images/products/00220-mhp/00220-MHP-003_L.jpg,/images/products/00220-mhp/00220-MHP-003_L.jpg,/images/products/00220-mhp/00220-MHP-003_L.jpg,/images/products/00220-mhp/00220-MHP-003_L.jpg,,,,B000000B,,,,,N,,,,,,,,,B,A,전국,C,2|4,D,2000|3000|20000//2000|3000|4000,,,,,,,,Y,00220-MHP 헤비웨이트 크루넥 스웨트 셔츠 (9.7oz),,9.7온스의 보온성 높은 기모 안감 볼드 크루넥,"프린트스타,데일리 웨어",,"cash,mileage",C,
,00238-rfj,Y,Y,26,Y,Y,00238-RFJ 리버서블 양면 플리스 자켓,,,,00238-rfj,플리스와 바람막이를 양면으로 착용하는 리버서블 아우터,,"한 면은 부드러운 보아 플리스 원단, 반대편은 바람막이 방풍 타포린 원단으로 제작되어 날씨에 맞춰 두 가지 연출이 가능한 헤비 방한 아우터입니다.",,,"프린트스타,굿즈/라이프스타일,00238-RFJ 리버서블 양면 플리스 자켓",A|10,39800,39800,39800,39800,N,,,1,,,,,N,Y,T,C,,색상{그레이|블랙|네이비}//사이즈{S|M|L|XL|2XL},"P,S",,{#9ca3af|#1a1a1a|#0f1d35},,품절,,,,,/images/products/00238-rfj/00238-RFJ-002_L.jpg,/images/products/00238-rfj/00238-RFJ-002_L.jpg,/images/products/00238-rfj/00238-RFJ-002_L.jpg,/images/products/00238-rfj/00238-RFJ-002_L.jpg,,,,B000000B,,,,,N,,,,,,,,,B,A,전국,C,2|4,D,2000|3000|20000//2000|3000|4000,,,,,,,,Y,00238-RFJ 리버서블 양면 플리스 자켓,,플리스와 바람막이를 양면으로 착용하는 리버서블 아우터,"프린트스타,굿즈/라이프스타일",,"cash,mileage",C,
,00271-bfc,Y,Y,29,Y,Y,00271-BFC 스탠다드 맨투맨 스웨트 (T/C),,,,00271-bfc,T/C 혼방으로 세탁 후 변형과 주름을 방지한 스탠다드 크루넥,,면과 폴리에스터 혼방 기모 스웨트 원단으로 보풀이 적고 내구성이 대단히 뛰어난 단체 맨투맨입니다.,,,"프린트스타,데일리 웨어,00271-BFC 스탠다드 맨투맨 스웨트 (T/C)",A|10,20800,20800,20800,20800,N,,,1,,,,,N,Y,T,C,,색상{화이트|모쿠 그레이|블랙|네이비|아미그린|차콜}//사이즈{XS|S|M|L|XL|2XL|3XL|4XL},"P,S",,{#ffffff|#c6c8c9|#1a1a1a|#0f1d35|#4a533c|#494b52},,품절,,,,,/images/products/00271-bfc/00271-BFC-001_L.jpg,/images/products/00271-bfc/00271-BFC-001_L.jpg,/images/products/00271-bfc/00271-BFC-001_L.jpg,/images/products/00271-bfc/00271-BFC-001_L.jpg,,,,B000000B,,,,,N,,,,,,,,,B,A,전국,C,2|4,D,2000|3000|20000//2000|3000|4000,,,,,,,,Y,00271-BFC 스탠다드 맨투맨 스웨트 (T/C),,T/C 혼방으로 세탁 후 변형과 주름을 방지한 스탠다드 크루넥,"프린트스타,데일리 웨어",,"cash,mileage",C,
,00272-bfh,Y,Y,26,Y,Y,00272-BFH 스탠다드 풀오버 후드티 (T/C),,,,00272-bfh,합리적인 가격의 스탠다드 핏 무지 후드티셔츠,,부드러운 기모 스웨트 원단으로 제작되어 가격 대비 높은 보온성과 핏 완성도를 보여줍니다.,,,"프린트스타,굿즈/라이프스타일,00272-BFH 스탠다드 풀오버 후드티 (T/C)",A|10,28800,28800,28800,28800,N,,,1,,,,,N,Y,T,C,,색상{화이트|모쿠 그레이|블랙|네이비|아미그린|차콜}//사이즈{XS|S|M|L|XL|2XL|3XL|4XL},"P,S",,{#ffffff|#c6c8c9|#1a1a1a|#0f1d35|#4a533c|#494b52},,품절,,,,,/images/products/00272-bfh/00272-BFH-001_L.jpg,/images/products/00272-bfh/00272-BFH-001_L.jpg,/images/products/00272-bfh/00272-BFH-001_L.jpg,/images/products/00272-bfh/00272-BFH-001_L.jpg,,,,B000000B,,,,,N,,,,,,,,,B,A,전국,C,2|4,D,2000|3000|20000//2000|3000|4000,,,,,,,,Y,00272-BFH 스탠다드 풀오버 후드티 (T/C),,합리적인 가격의 스탠다드 핏 무지 후드티셔츠,"프린트스타,굿즈/라이프스타일",,"cash,mileage",C,
,00273-bfz,Y,Y,26,Y,Y,00273-BFZ 스탠다드 집업 후드티 (T/C),,,,00273-bfz,"캐주얼 단체 아우터 1순위, 기모 집업 후드 자켓",,실용적인 지퍼 여밈 구조로 아침저녁 간편하게 레이어드하기 좋은 대중적인 기모 조크 후드집업입니다.,,,"프린트스타,굿즈/라이프스타일,00273-BFZ 스탠다드 집업 후드티 (T/C)",A|10,33800,33800,33800,33800,N,,,1,,,,,N,Y,T,C,,색상{화이트|모쿠 그레이|블랙|네이비|아미그린|차콜}//사이즈{XS|S|M|L|XL|2XL|3XL|4XL},"P,S",,{#ffffff|#c6c8c9|#1a1a1a|#0f1d35|#4a533c|#494b52},,품절,,,,,/images/products/00273-bfz/00273-BFZ-001_L.jpg,/images/products/00273-bfz/00273-BFZ-001_L.jpg,/images/products/00273-bfz/00273-BFZ-001_L.jpg,/images/products/00273-bfz/00273-BFZ-001_L.jpg,,,,B000000B,,,,,N,,,,,,,,,B,A,전국,C,2|4,D,2000|3000|20000//2000|3000|4000,,,,,,,,Y,00273-BFZ 스탠다드 집업 후드티 (T/C),,"캐주얼 단체 아우터 1순위, 기모 집업 후드 자켓","프린트스타,굿즈/라이프스타일",,"cash,mileage",C,
,00300-act,Y,Y,30,Y,Y,00300-ACT 드라이 메쉬 라운드 반팔 티셔츠,,,,00300-act,"흡습 속건의 강자, 4.4온스 액티브 드라이 티셔츠",,"폴리에스터 100% 매쉬 편조직 원단으로 스포츠, 레저 및 격렬한 땀 배출 활동에 압도적인 건조 속도를 선사합니다. UV 자외선 차단 90% 이상 기능이 포함되어 야외 활동용 단체복으로 최고입니다.",,,"글리머,액티브 웨어,00300-ACT 드라이 메쉬 라운드 반팔 티셔츠",A|10,6800,6800,6800,6800,N,,,1,,,,,N,Y,T,C,,색상{화이트|그레이|블랙|레드|핑크|퍼플|오렌지|그린|네이비|로얄 블루|터코이즈|아미그린|색상 047|색상 048|민트블루|버건디|올리브|라이트 핑크|라이트 블루|라이트 옐로우|핫핑크|실버 그레이|라임|데이지|다크 그레이|라이트 퍼플|코요테|라이트 베이지|스 그레이|스 블루|스 레드|스 퍼플}//사이즈{100|110|120|130|140|150|SS|S|M|L|LL|3L|4L|5L},"P,S",,{#ffffff|#9ca3af|#1a1a1a|#e6193c|#f472b6|#48339b|#ff5f00|#00874e|#0f1d35|#054cb9|#00a2cc|#4a533c|#9ca3af|#9ca3af|#7dd3fc|#731630|#565d38|#ffccd5|#a2dbe7|#fff4ab|#e6006f|#b8b6b9|#84cc16|#ffcc00|#374151|#c3b2db|#a16207|#eddabf|#9ca3af|#3b82f6|#e6193c|#48339b},,품절,,,,,/images/products/00300-act/00300-ACT-001_M.jpg,/images/products/00300-act/00300-ACT-001_M.jpg,/images/products/00300-act/00300-ACT-001_M.jpg,/images/products/00300-act/00300-ACT-001_M.jpg,,,,B000000D,,,,,N,,,,,,,,,B,A,전국,C,2|4,D,2000|3000|20000//2000|3000|4000,,,,,,,,Y,00300-ACT 드라이 메쉬 라운드 반팔 티셔츠,,"흡습 속건의 강자, 4.4온스 액티브 드라이 티셔츠","글리머,액티브 웨어",,"cash,mileage",C,
,00302-adp,Y,Y,30,Y,Y,00302-ADP 드라이 메쉬 칼라 폴로셔츠,,,,00302-adp,"단정함과 스포티함의 조화, 칼라형 드라이 반팔 폴로",,"속건성이 우수한 메쉬 소재 카라 셔츠로 매장 유니폼, 쿨비즈 사내복, 골프 및 테니스웨어로 두루 각광받습니다.",,,"글리머,액티브 웨어,00302-ADP 드라이 메쉬 칼라 폴로셔츠",A|10,9600,9600,9600,9600,N,,,1,,,,,N,Y,T,C,,색상{화이트|그레이|블랙|레드|핑크|퍼플|오렌지|그린|민트 그린|네이비|로얄 블루|터코이즈|아미그린|버건디|라이트 핑크|라이트 블루|핫핑크|라임|데이지|다크 그레이}//사이즈{120|130|140|150|SS|S|M|L|LL|3L|4L|5L},"P,S",,{#ffffff|#9ca3af|#1a1a1a|#e6193c|#f472b6|#48339b|#ff5f00|#00874e|#a7f3d0|#0f1d35|#054cb9|#00a2cc|#4a533c|#731630|#ffccd5|#a2dbe7|#e6006f|#84cc16|#ffcc00|#374151},,품절,,,,,/images/products/00302-adp/00302-ADP-001_M.jpg,/images/products/00302-adp/00302-ADP-001_M.jpg,/images/products/00302-adp/00302-ADP-001_M.jpg,/images/products/00302-adp/00302-ADP-001_M.jpg,,,,B000000D,,,,,N,,,,,,,,,B,A,전국,C,2|4,D,2000|3000|20000//2000|3000|4000,,,,,,,,Y,00302-ADP 드라이 메쉬 칼라 폴로셔츠,,"단정함과 스포티함의 조화, 칼라형 드라이 반팔 폴로","글리머,액티브 웨어",,"cash,mileage",C,
,00304-alt,Y,Y,30,Y,Y,00304-ALT 드라이 메쉬 라운드 긴팔 티셔츠,,,,00304-alt,사계절 자외선으로부터 피부를 보호하는 드라이 긴팔 티셔츠,,"UPF50+ 자외선 차단 설계와 고속 건조 메쉬 원단을 접목해 러닝, 등산, 라이딩 시 필수 레이어로 추천됩니다.",,,"글리머,액티브 웨어,00304-ALT 드라이 메쉬 라운드 긴팔 티셔츠",A|10,8800,8800,8800,8800,N,,,1,,,,,N,Y,T,C,,색상{화이트|그레이|블랙|레드|퍼플|라이트 그린|그린|네이비|로얄 블루|터코이즈|아미그린|버건디|라이트 블루}//사이즈{140|150|SS|S|M|L|LL|3L|4L|5L},"P,S",,{#ffffff|#9ca3af|#1a1a1a|#e6193c|#48339b|#86efac|#00874e|#0f1d35|#054cb9|#00a2cc|#4a533c|#731630|#a2dbe7},,품절,,,,,/images/products/00304-alt/00304-ALT-001_L.jpg,/images/products/00304-alt/00304-ALT-001_L.jpg,/images/products/00304-alt/00304-ALT-001_L.jpg,/images/products/00304-alt/00304-ALT-001_L.jpg,,,,B000000D,,,,,N,,,,,,,,,B,A,전국,C,2|4,D,2000|3000|20000//2000|3000|4000,,,,,,,,Y,00304-ALT 드라이 메쉬 라운드 긴팔 티셔츠,,사계절 자외선으로부터 피부를 보호하는 드라이 긴팔 티셔츠,"글리머,액티브 웨어",,"cash,mileage",C,
,00313-abn,Y,Y,30,Y,Y,00313-ABN 드라이 버튼다운 폴로셔츠 (반팔),,,,00313-abn,목 깃이 무너지지 않는 세련된 버튼다운 쿨 드라이 셔츠,,버튼으로 칼라 끝깃을 고정하는 디자인으로 비즈니스 캐주얼 및 고품격 점포 서빙 유니폼으로 훌륭합니다.,,,"글리머,액티브 웨어,00313-ABN 드라이 버튼다운 폴로셔츠 (반팔)",A|10,10800,10800,10800,10800,N,,,1,,,,,N,Y,T,C,,색상{화이트|블랙|레드|그린|네이비|로얄 블루|코발트 블루|터코이즈|버건디|라이트 핑크|라임|데이지}//사이즈{SS|S|M|L|LL|3L|4L|5L},"P,S",,{#ffffff|#1a1a1a|#e6193c|#00874e|#0f1d35|#054cb9|#0052ff|#00a2cc|#731630|#ffccd5|#84cc16|#ffcc00},,품절,,,,,/images/products/00313-abn/00313-ABN-001_L.jpg,/images/products/00313-abn/00313-ABN-001_L.jpg,/images/products/00313-abn/00313-ABN-001_L.jpg,/images/products/00313-abn/00313-ABN-001_L.jpg,,,,B000000D,,,,,N,,,,,,,,,B,A,전국,C,2|4,D,2000|3000|20000//2000|3000|4000,,,,,,,,Y,00313-ABN 드라이 버튼다운 폴로셔츠 (반팔),,목 깃이 무너지지 않는 세련된 버튼다운 쿨 드라이 셔츠,"글리머,액티브 웨어",,"cash,mileage",C,
,00321-acr,Y,Y,30,Y,Y,00321-ACR 드라이 버튼다운 시보리 폴로셔츠,,,,00321-acr,깃 버튼다운과 소매 리브 처리가 적용된 디테일러 폴로셔츠,,소매단이 단정하게 조여져 핏이 깨끗하고 스포츠 시 단정한 움직임을 유지시켜 줍니다.,,,"글리머,액티브 웨어,00321-ACR 드라이 버튼다운 시보리 폴로셔츠",A|10,11200,11200,11200,11200,N,,,1,,,,,N,Y,T,C,,색상{블랙|네이비|다크 그레이|스 그레이}//사이즈{SS|S|M|L|LL|3L|4L|5L},"P,S",,{#1a1a1a|#0f1d35|#374151|#9ca3af},,품절,,,,,/images/products/00321-acr/00321-ACR-005_L.jpg,/images/products/00321-acr/00321-ACR-005_L.jpg,/images/products/00321-acr/00321-ACR-005_L.jpg,/images/products/00321-acr/00321-ACR-005_L.jpg,,,,B000000D,,,,,N,,,,,,,,,B,A,전국,C,2|4,D,2000|3000|20000//2000|3000|4000,,,,,,,,Y,00321-ACR 드라이 버튼다운 시보리 폴로셔츠,,깃 버튼다운과 소매 리브 처리가 적용된 디테일러 폴로셔츠,"글리머,액티브 웨어",,"cash,mileage",C,
,00325-acp,Y,Y,30,Y,Y,00325-ACP 드라이 메쉬 포켓 폴로셔츠 (반팔),,,,00325-acp,왼가슴 포켓 장착으로 펜 및 무전기 수납이 편한 쿨비즈 셔츠,,포켓 수납 편의성을 극대화한 스포츠 드라이 카라티셔츠로 배달 및 필드 야외 작업에 요긴합니다.,,,"글리머,액티브 웨어,00325-ACP 드라이 메쉬 포켓 폴로셔츠 (반팔)",A|10,10200,10200,10200,10200,N,,,1,,,,,N,Y,T,C,,색상{그레이|블랙|네이비|다크 그레이}//사이즈{SS|S|M|L|LL|3L|4L|5L},"P,S",,{#9ca3af|#1a1a1a|#0f1d35|#374151},,품절,,,,,/images/products/00325-acp/00325-ACP-002_L.jpg,/images/products/00325-acp/00325-ACP-002_L.jpg,/images/products/00325-acp/00325-ACP-002_L.jpg,/images/products/00325-acp/00325-ACP-002_L.jpg,,,,B000000D,,,,,N,,,,,,,,,B,A,전국,C,2|4,D,2000|3000|20000//2000|3000|4000,,,,,,,,Y,00325-ACP 드라이 메쉬 포켓 폴로셔츠 (반팔),,왼가슴 포켓 장착으로 펜 및 무전기 수납이 편한 쿨비즈 셔츠,"글리머,액티브 웨어",,"cash,mileage",C,
,00330-avp,Y,Y,30,Y,Y,00330-AVP 드라이 V넥 반팔 폴로셔츠,,,,00330-avp,목선이 슬림하고 샤프해 보이는 V넥 드라이 칼라티,,답답한 단추 칼라 대신 V라인 트임 넥라인을 사용해 넥 가이드 착용 및 쾌적한 핏을 유도합니다.,,,"글리머,액티브 웨어,00330-AVP 드라이 V넥 반팔 폴로셔츠",A|10,9800,9800,9800,9800,N,,,1,,,,,N,Y,T,C,,색상{화이트|그레이|블랙|레드|네이비|로얄 블루|터코이즈|버건디|라이트 핑크|라이트 블루|라임|데이지}//사이즈{SS|S|M|L|LL|3L|4L|5L},"P,S",,{#ffffff|#9ca3af|#1a1a1a|#e6193c|#0f1d35|#054cb9|#00a2cc|#731630|#ffccd5|#a2dbe7|#84cc16|#ffcc00},,품절,,,,,/images/products/00330-avp/00330-AVP-001_M.jpg,/images/products/00330-avp/00330-AVP-001_M.jpg,/images/products/00330-avp/00330-AVP-001_M.jpg,/images/products/00330-avp/00330-AVP-001_M.jpg,,,,B000000D,,,,,N,,,,,,,,,B,A,전국,C,2|4,D,2000|3000|20000//2000|3000|4000,,,,,,,,Y,00330-AVP 드라이 V넥 반팔 폴로셔츠,,목선이 슬림하고 샤프해 보이는 V넥 드라이 칼라티,"글리머,액티브 웨어",,"cash,mileage",C,
,00335-alp,Y,Y,30,Y,Y,00335-ALP 드라이 메쉬 포켓 긴팔 폴로셔츠,,,,00335-alp,"사계절 유니폼 정석, 포켓 롱슬리브 드라이 칼라셔츠",,"소매부터 가슴 수납, 속건 드라이 기술까지 유니폼의 모든 자질을 갖춘 만능 롱 카라티셔츠입니다.",,,"글리머,액티브 웨어,00335-ALP 드라이 메쉬 포켓 긴팔 폴로셔츠",A|10,12000,12000,12000,12000,N,,,1,,,,,N,Y,T,C,,색상{화이트|그레이|블랙|레드|민트 그린|네이비|로얄 블루|버건디|라이트 블루}//사이즈{SS|S|M|L|LL|3L|4L|5L},"P,S",,{#ffffff|#9ca3af|#1a1a1a|#e6193c|#a7f3d0|#0f1d35|#054cb9|#731630|#a2dbe7},,품절,,,,,/images/products/00335-alp/00335-ALP-001_L.jpg,/images/products/00335-alp/00335-ALP-001_L.jpg,/images/products/00335-alp/00335-ALP-001_L.jpg,/images/products/00335-alp/00335-ALP-001_L.jpg,,,,B000000D,,,,,N,,,,,,,,,B,A,전국,C,2|4,D,2000|3000|20000//2000|3000|4000,,,,,,,,Y,00335-ALP 드라이 메쉬 포켓 긴팔 폴로셔츠,,"사계절 유니폼 정석, 포켓 롱슬리브 드라이 칼라셔츠","글리머,액티브 웨어",,"cash,mileage",C,
,00338-amz,Y,Y,30,Y,Y,00338-AMZ 드라이 하프지퍼 스포티 폴로셔츠,,,,00338-amz,하프 아노락 지퍼 칼라로 입고 벗기 편한 액티브 티셔츠,,"목 앞부분의 지퍼 슬라이더로 통풍 조절이 빠르며 테니스, 등산 등 동호회웨어로 인기가 높습니다.",,,"글리머,액티브 웨어,00338-AMZ 드라이 하프지퍼 스포티 폴로셔츠",A|10,11600,11600,11600,11600,N,,,1,,,,,N,Y,T,C,,색상{화이트|블랙|레드|네이비|로얄 블루|터코이즈|다크 그레이}//사이즈{SS|S|M|L|LL|3L|4L|5L},"P,S",,{#ffffff|#1a1a1a|#e6193c|#0f1d35|#054cb9|#00a2cc|#374151},,품절,,,,,/images/products/00338-amz/00338-AMZ-001_L.jpg,/images/products/00338-amz/00338-AMZ-001_L.jpg,/images/products/00338-amz/00338-AMZ-001_L.jpg,/images/products/00338-amz/00338-AMZ-001_L.jpg,,,,B000000D,,,,,N,,,,,,,,,B,A,전국,C,2|4,D,2000|3000|20000//2000|3000|4000,,,,,,,,Y,00338-AMZ 드라이 하프지퍼 스포티 폴로셔츠,,하프 아노락 지퍼 칼라로 입고 벗기 편한 액티브 티셔츠,"글리머,액티브 웨어",,"cash,mileage",C,
,00339-ayp,Y,Y,30,Y,Y,00339-AYP 드라이 레이어드 칼라 반팔 폴로셔츠,,,,00339-ayp,목 카라와 소매 끝단 배색 포인트를 준 레이어드 폴로셔츠,,이너웨어를 덧입은 듯한 감각적인 시각 레이어드 마감으로 캐주얼하고 젊은 인상을 부여합니다.,,,"글리머,액티브 웨어,00339-AYP 드라이 레이어드 칼라 반팔 폴로셔츠",A|10,10600,10600,10600,10600,N,,,1,,,,,N,Y,T,C,,색상{색상 312|색상 650|색상 664|색상 665|색상 666|색상 710|색상 732}//사이즈{SS|S|M|L|LL|3L|4L|5L},"P,S",,{#9ca3af|#9ca3af|#9ca3af|#9ca3af|#9ca3af|#9ca3af|#9ca3af},,품절,,,,,/images/products/00339-ayp/00339-AYP-312_L.jpg,/images/products/00339-ayp/00339-AYP-312_L.jpg,/images/products/00339-ayp/00339-AYP-312_L.jpg,/images/products/00339-ayp/00339-AYP-312_L.jpg,,,,B000000D,,,,,N,,,,,,,,,B,A,전국,C,2|4,D,2000|3000|20000//2000|3000|4000,,,,,,,,Y,00339-AYP 드라이 레이어드 칼라 반팔 폴로셔츠,,목 카라와 소매 끝단 배색 포인트를 준 레이어드 폴로셔츠,"글리머,액티브 웨어",,"cash,mileage",C,
,00346-afc,Y,Y,30,Y,Y,00346-AFC 드라이 후드티 (쮸리),,,,00346-afc,기능성 흡습 드라이 원사의 라이트 핏 캐주얼 후드티,,면과 폴리 기능성 조합으로 무겁지 않고 세탁 건조가 빨라 피트니스 웨어로 강추됩니다.,,,"글리머,액티브 웨어,00346-AFC 드라이 후드티 (쮸리)",A|10,17800,17800,17800,17800,N,,,1,,,,,N,Y,T,C,,색상{화이트|모쿠 그레이|블랙|네이비|버건디}//사이즈{SS|S|M|L|LL|3L|4L|5L},"P,S",,{#ffffff|#c6c8c9|#1a1a1a|#0f1d35|#731630},,품절,,,,,/images/products/00346-afc/00346-AFC-001_L.jpg,/images/products/00346-afc/00346-AFC-001_L.jpg,/images/products/00346-afc/00346-AFC-001_L.jpg,/images/products/00346-afc/00346-AFC-001_L.jpg,,,,B000000D,,,,,N,,,,,,,,,B,A,전국,C,2|4,D,2000|3000|20000//2000|3000|4000,,,,,,,,Y,00346-AFC 드라이 후드티 (쮸리),,기능성 흡습 드라이 원사의 라이트 핏 캐주얼 후드티,"글리머,액티브 웨어",,"cash,mileage",C,
,00347-afh,Y,Y,30,Y,Y,00347-AFH 드라이 풀오버 후드티 (쮸리),,,,00347-afh,속건 드라이 원사로 설계된 캐주얼 집업 후디,,아웃도어 활동이나 운동 중간에 가볍게 지퍼로 온도 조절을 할 수 있는 쮸리 후드집업입니다.,,,"글리머,액티브 웨어,00347-AFH 드라이 풀오버 후드티 (쮸리)",A|10,19800,19800,19800,19800,N,,,1,,,,,N,Y,T,C,,색상{화이트|모쿠 그레이|블랙|네이비|버건디}//사이즈{SS|S|M|L|LL|3L|4L|5L},"P,S",,{#ffffff|#c6c8c9|#1a1a1a|#0f1d35|#731630},,품절,,,,,/images/products/00347-afh/00347-AFH-001_L.jpg,/images/products/00347-afh/00347-AFH-001_L.jpg,/images/products/00347-afh/00347-AFH-001_L.jpg,/images/products/00347-afh/00347-AFH-001_L.jpg,,,,B000000D,,,,,N,,,,,,,,,B,A,전국,C,2|4,D,2000|3000|20000//2000|3000|4000,,,,,,,,Y,00347-AFH 드라이 풀오버 후드티 (쮸리),,속건 드라이 원사로 설계된 캐주얼 집업 후디,"글리머,액티브 웨어",,"cash,mileage",C,
,00348-afz,Y,Y,30,Y,Y,00348-AFZ 드라이 스탠드 칼라 집업 자켓,,,,00348-afz,깃을 세운 깔끔한 트랙 탑 타입의 드라이 집업 트레이너,,운동선수 단체복 및 코치 자켓으로 최적이며 형태 복원력이 좋아 단체 바람막이 대용으로 유용합니다.,,,"글리머,액티브 웨어,00348-AFZ 드라이 스탠드 칼라 집업 자켓",A|10,16800,16800,16800,16800,N,,,1,,,,,N,Y,T,C,,색상{화이트|모쿠 그레이|블랙|네이비|버건디}//사이즈{SS|S|M|L|LL|3L|4L|5L},"P,S",,{#ffffff|#c6c8c9|#1a1a1a|#0f1d35|#731630},,품절,,,,,/images/products/00348-afz/00348-AFZ-001_L.jpg,/images/products/00348-afz/00348-AFZ-001_L.jpg,/images/products/00348-afz/00348-AFZ-001_L.jpg,/images/products/00348-afz/00348-AFZ-001_L.jpg,,,,B000000D,,,,,N,,,,,,,,,B,A,전국,C,2|4,D,2000|3000|20000//2000|3000|4000,,,,,,,,Y,00348-AFZ 드라이 스탠드 칼라 집업 자켓,,깃을 세운 깔끔한 트랙 탑 타입의 드라이 집업 트레이너,"글리머,액티브 웨어",,"cash,mileage",C,
,00350-ait,Y,Y,30,Y,Y,00350-AIT 드라이 인터록 초경량 반팔 티셔츠,,,,00350-ait,"3.5온스의 깃털 같은 무게, 부드러운 양면 인터록 드라이티",,양면 모두 매끄럽게 편직(인터록)되어 피부 마찰이 없고 신축성이 매우 뛰어난 고속 속건 티셔츠입니다.,,,"글리머,액티브 웨어,00350-AIT 드라이 인터록 초경량 반팔 티셔츠",A|10,6400,6400,6400,6400,N,,,1,,,,,N,Y,T,C,,색상{화이트|블랙|레드|퍼플|네이비|로얄 블루|라이트 블루|다크 그레이}//사이즈{120|130|140|150|SS|S|M|L|LL|3L|4L|5L},"P,S",,{#ffffff|#1a1a1a|#e6193c|#48339b|#0f1d35|#054cb9|#a2dbe7|#374151},,품절,,,,,/images/products/00350-ait/00350-AIT-001_L.jpg,/images/products/00350-ait/00350-AIT-001_L.jpg,/images/products/00350-ait/00350-AIT-001_L.jpg,/images/products/00350-ait/00350-AIT-001_L.jpg,,,,B000000D,,,,,N,,,,,,,,,B,A,전국,C,2|4,D,2000|3000|20000//2000|3000|4000,,,,,,,,Y,00350-AIT 드라이 인터록 초경량 반팔 티셔츠,,"3.5온스의 깃털 같은 무게, 부드러운 양면 인터록 드라이티","글리머,액티브 웨어",,"cash,mileage",C,
,00353-ain,Y,Y,30,Y,Y,00353-AIN 드라이 인터록 V넥 반팔 티셔츠,,,,00353-ain,목선이 편안한 샤프 V넥 초경량 인터록 드라이티,,가볍고 매끄러운 양면 조밀 원사에 고급스러운 V라인 커팅을 가미한 피트니스 셔츠입니다.,,,"글리머,액티브 웨어,00353-AIN 드라이 인터록 V넥 반팔 티셔츠",A|10,6400,6400,6400,6400,N,,,1,,,,,N,Y,T,C,,색상{블랙|네이비|다크 그레이}//사이즈{SS|S|M|L|LL|3L|4L|5L},"P,S",,{#1a1a1a|#0f1d35|#374151},,품절,,,,,/images/products/00353-ain/00353-AIN-005_L.jpg,/images/products/00353-ain/00353-AIN-005_L.jpg,/images/products/00353-ain/00353-AIN-005_L.jpg,/images/products/00353-ain/00353-AIN-005_L.jpg,,,,B000000D,,,,,N,,,,,,,,,B,A,전국,C,2|4,D,2000|3000|20000//2000|3000|4000,,,,,,,,Y,00353-AIN 드라이 인터록 V넥 반팔 티셔츠,,목선이 편안한 샤프 V넥 초경량 인터록 드라이티,"글리머,액티브 웨어",,"cash,mileage",C,
,00731-cck,Y,Y,26,Y,Y,00731-CCK 코튼 캔버스 워크웨어 코치 자켓,,,,00731-cck,도톰한 코튼 캔버스 원단으로 워크자켓 감성을 극대화한 아우터,,내구성 높은 코튼 캔버스 마감으로 레트로 워크 마니아들이 만족하는 가을/겨울 캐주얼 자켓입니다.,,,"프린트스타,굿즈/라이프스타일,00731-CCK 코튼 캔버스 워크웨어 코치 자켓",A|10,36800,36800,36800,36800,N,,,1,,,,,N,Y,T,C,,색상{화이트|베이지|블랙|레드|네이비|로얄 블루|아미그린}//사이즈{S|M|L|XL|2XL},"P,S",,{#ffffff|#d6c5b0|#1a1a1a|#e6193c|#0f1d35|#054cb9|#4a533c},,품절,,,,,/images/products/00731-cck/00731-CCK-001_F.png,/images/products/00731-cck/00731-CCK-001_F.png,/images/products/00731-cck/00731-CCK-001_F.png,/images/products/00731-cck/00731-CCK-001_F.png,,,,B000000B,,,,,N,,,,,,,,,B,A,전국,C,2|4,D,2000|3000|20000//2000|3000|4000,,,,,,,,Y,00731-CCK 코튼 캔버스 워크웨어 코치 자켓,,도톰한 코튼 캔버스 원단으로 워크자켓 감성을 극대화한 아우터,"프린트스타,굿즈/라이프스타일",,"cash,mileage",C,
,00760-enb,Y,Y,30,Y,Y,00760-ENB 드라이 집업 트레이닝 트랙 자켓,,,,00760-enb,사이드 배색 라인이 매력적인 에어로쿨 집업 자켓,,스포티한 세로 배색 밴딩 처리로 팔 라인이 길고 날렵해 보이는 에너제틱 바람막이 자켓입니다.,,,"글리머,액티브 웨어,00760-ENB 드라이 집업 트레이닝 트랙 자켓",A|10,18800,18800,18800,18800,N,,,1,,,,,N,Y,T,C,,색상{내추럴}//사이즈{SS|S|M|L|LL|3L|4L|5L},"P,S",,{#fafaf9},,품절,,,,,/images/products/00760-enb/00760-ENB-106_F-BIG.jpg,/images/products/00760-enb/00760-ENB-106_F-BIG.jpg,/images/products/00760-enb/00760-ENB-106_F-BIG.jpg,/images/products/00760-enb/00760-ENB-106_F-BIG.jpg,,,,B000000D,,,,,N,,,,,,,,,B,A,전국,C,2|4,D,2000|3000|20000//2000|3000|4000,,,,,,,,Y,00760-ENB 드라이 집업 트레이닝 트랙 자켓,,사이드 배색 라인이 매력적인 에어로쿨 집업 자켓,"글리머,액티브 웨어",,"cash,mileage",C,
,00762-enn,Y,Y,30,Y,Y,00762-ENN 드라이 메쉬 스포티 반바지 (트레이닝 숏팬츠),,,,00762-enn,운동 시 쾌적함을 극대화해 주는 드라이 메쉬 반바지,,"허리 고무줄과 실용적인 깊이의 양측 포켓, 그리고 숨쉬는 메쉬 소재를 적용한 고속 건조 반바지입니다.",,,"글리머,액티브 웨어,00762-ENN 드라이 메쉬 스포티 반바지 (트레이닝 숏팬츠)",A|10,12800,12800,12800,12800,N,,,1,,,,,N,Y,T,C,,색상{내추럴}//사이즈{SS|S|M|L|LL|3L|4L|5L},"P,S",,{#fafaf9},,품절,,,,,/images/products/00762-enn/00762-ENN-106_F.jpg,/images/products/00762-enn/00762-ENN-106_F.jpg,/images/products/00762-enn/00762-ENN-106_F.jpg,/images/products/00762-enn/00762-ENN-106_F.jpg,,,,B000000D,,,,,N,,,,,,,,,B,A,전국,C,2|4,D,2000|3000|20000//2000|3000|4000,,,,,,,,Y,00762-ENN 드라이 메쉬 스포티 반바지 (트레이닝 숏팬츠),,운동 시 쾌적함을 극대화해 주는 드라이 메쉬 반바지,"글리머,액티브 웨어",,"cash,mileage",C,
,00778-tcc,Y,Y,26,Y,Y,00778-TCC 코튼 캔버스 심플 데일리 에코백,,,,00778-tcc,친환경 코튼 캔버스 원단으로 튼튼한 다용도 에코백,,브랜드 판촉 및 어깨끈이 튼튼해 데일리 책가방으로 사랑받는 베이직 에코백입니다.,,,"프린트스타,굿즈/라이프스타일,00778-TCC 코튼 캔버스 심플 데일리 에코백",A|10,4800,4800,4800,4800,N,,,1,,,,,N,Y,T,C,,색상{블랙|네이비|터코이즈|내추럴|라이트 블루|핫핑크}//사이즈{FREE},"P,S",,{#1a1a1a|#0f1d35|#00a2cc|#fafaf9|#a2dbe7|#e6006f},,품절,,,,,/images/products/00778-tcc/00778-TCC-005_M.jpg,/images/products/00778-tcc/00778-TCC-005_M.jpg,/images/products/00778-tcc/00778-TCC-005_M.jpg,/images/products/00778-tcc/00778-TCC-005_M.jpg,,,,B000000B,,,,,N,,,,,,,,,B,A,전국,C,2|4,D,2000|3000|20000//2000|3000|4000,,,,,,,,Y,00778-TCC 코튼 캔버스 심플 데일리 에코백,,친환경 코튼 캔버스 원단으로 튼튼한 다용도 에코백,"프린트스타,굿즈/라이프스타일",,"cash,mileage",C,
,00780-twt,Y,Y,26,Y,Y,00780-TWT 코튼 캔버스 캐주얼 토트백,,,,00780-twt,밑단 가이드가 넓어 수납이 넉넉한 캔버스 토트백,,도시락 수납이나 가벼운 피크닉 소품 수납에 요긴하며 직조감이 예쁜 프리미엄 토트백입니다.,,,"프린트스타,굿즈/라이프스타일,00780-TWT 코튼 캔버스 캐주얼 토트백",A|10,5800,5800,5800,5800,N,,,1,,,,,N,Y,T,C,,색상{색상 201|색상 204|색상 205|색상 725}//사이즈{FREE},"P,S",,{#9ca3af|#9ca3af|#9ca3af|#9ca3af},,품절,,,,,/images/products/00780-twt/00780-TWT-201_M.jpg,/images/products/00780-twt/00780-TWT-201_M.jpg,/images/products/00780-twt/00780-TWT-201_M.jpg,/images/products/00780-twt/00780-TWT-201_M.jpg,,,,B000000B,,,,,N,,,,,,,,,B,A,전국,C,2|4,D,2000|3000|20000//2000|3000|4000,,,,,,,,Y,00780-TWT 코튼 캔버스 캐주얼 토트백,,밑단 가이드가 넓어 수납이 넉넉한 캔버스 토트백,"프린트스타,굿즈/라이프스타일",,"cash,mileage",C,
,63000,Y,Y,29,Y,Y,63000 아시아 핏 베이직 티셔츠 (면30수),,,,63000,150 g/m² (4.5 oz per sq yd),,"100% ring spun cotton preshrunk jersey knit | Fiber content varies by color, see color list for details | Single needle 2cm collar | Taped neck and shoulders | Double needle sleeve and bottom hems | TearAway label | Quarterturned to eliminate center crease | Sizes: XS~3XL | 12 colors",,,"길단,데일리 웨어,63000 아시아 핏 베이직 티셔츠 (면30수)",A|10,6000,6000,6000,6000,N,,,1,,,,,N,Y,T,C,,색상{레드|오렌지|데이지|라임|네이비|로얄 블루|스포츠 그레이|퍼플|화이트|라이트 블루|차콜|블랙}//사이즈{XS|S|M|L|XL|2XL|3XL},"P,S",,{#e6193c|#ff5f00|#ffcc00|#84cc16|#0f1d35|#054cb9|#c6c8c9|#48339b|#ffffff|#a2dbe7|#494b52|#1a1a1a},,품절,,,,,,,,,,,,B000000C,,,,,N,,,,,,,,,B,A,전국,C,2|4,D,2000|3000|20000//2000|3000|4000,,,,,,,,Y,63000 아시아 핏 베이직 티셔츠 (면30수),,150 g/m² (4.5 oz per sq yd),"길단,데일리 웨어",,"cash,mileage",C,
,76000,Y,Y,29,Y,Y,76000 아시아 핏 프리미엄 티셔츠 (면24수),,,,76000,180g/m/two.numerator (5.3 oz per sq yd),,"100% ring spun cotton preshrunk jersey knit | Fiber content varies by color, | Taped neck and shoulders | Satin label | Double needle sleeve and bottom hems | Single needle 2cm collar | Quarterturned to eliminate center crease | Sizes: XS~5XL | 32 colors",,,"길단,데일리 웨어,76000 아시아 핏 프리미엄 티셔츠 (면24수)",A|10,6000,6000,6000,6000,N,,,1,,,,,N,Y,T,C,,색상{라이트 핑크|포레스트 그린|네이비|로얄 블루|헬리코니아|사파이어|라이트 블루|캐롤라이나 블루|다크 초콜릿|샌드|화이트|애쉬 그레이|블랙|차콜|그래블|퍼플|바이올렛|스포츠 그레이|세이프티 핑크|코랄 실크|레드|오렌지|데이지|골드|라임|밀리터리 그린|세이프티 오렌지|네온 핑크|네온 그린|세이프티 그린}//사이즈{XS|S|M|L|XL|2XL|3XL|4XL|5XL},"P,S",,{#ffccd5|#064e3b|#0f1d35|#054cb9|#e6006f|#00a2cc|#a2dbe7|#a2dbe7|#3b2314|#e2dbcd|#ffffff|#e1e4e6|#1a1a1a|#494b52|#5e5f61|#48339b|#7c3aed|#c6c8c9|#ff5fa2|#ff7f50|#e6193c|#ff5f00|#ffcc00|#ffcc00|#84cc16|#4a533c|#ff5f00|#ff1493|#39ff14|#adff2f},,품절,,,,,,,,,,,,B000000C,,,,,N,,,,,,,,,B,A,전국,C,2|4,D,2000|3000|20000//2000|3000|4000,,,,,,,,Y,76000 아시아 핏 프리미엄 티셔츠 (면24수),,180g/m/two.numerator (5.3 oz per sq yd),"길단,데일리 웨어",,"cash,mileage",C,
,76000l,Y,Y,29,Y,Y,76000L 여성용 프리미엄 티셔츠,,,,76000l,180g/m/two.numerator (5.3 oz per sq yd),,"100% ring spun cotton preshrunk jersey knit | Fiber content varies by color, see color list for details | Taped neck and shoulders | Satin label | Double needle sleeve and bottom hems | Semi/f_itted contoured silhouette with side seam | Single needle 1.3cm collar | Sizes: LS~LXL | 8 colors | 180g/m² (5.3 oz per sq yd) | 100% ring spun cotton preshrunk jersey knit | Fiber content varies by color, see color list for details | Taped neck and shoulders | Satin label | Double needle sleeve and bottom hems | Single needle 1.5cm collar | Sideseamed | CPSIA tracking label compliant | Sizes: XS~XL | 12 colors",,,"길단,데일리 웨어,76000L 여성용 프리미엄 티셔츠",A|10,6000,6000,6000,6000,N,,,1,,,,,N,Y,T,C,,색상{오렌지|퍼플|로얄 블루|라이트 핑크|세이프티 핑크|레드|데이지|라임|사파이어|화이트|스포츠 그레이|블랙|헬리코니아|네이비}//사이즈{S|M|L|XL|2XL},"P,S",,{#ff5f00|#48339b|#054cb9|#ffccd5|#ff5fa2|#e6193c|#ffcc00|#84cc16|#00a2cc|#ffffff|#c6c8c9|#1a1a1a|#e6006f|#0f1d35},,품절,,,,,,,,,,,,B000000C,,,,,N,,,,,,,,,B,A,전국,C,2|4,D,2000|3000|20000//2000|3000|4000,,,,,,,,Y,76000L 여성용 프리미엄 티셔츠,,180g/m/two.numerator (5.3 oz per sq yd),"길단,데일리 웨어",,"cash,mileage",C,
,76000b,Y,Y,29,Y,Y,76000B 아동용 프리미엄 티셔츠,,,,76000b,180g/m/two.numerator (5.3 oz per sq yd),,"100% ring spun cotton preshrunk jersey knit | Fiber content varies by color, see color list for details | Taped neck and shoulders | Satin label | Double needle sleeve and bottom hems | Semi/f_itted contoured silhouette with side seam | Single needle 1.3cm collar | Sizes: LS~LXL | 8 colors | 180g/m² (5.3 oz per sq yd) | 100% ring spun cotton preshrunk jersey knit | Fiber content varies by color, see color list for details | Taped neck and shoulders | Satin label | Double needle sleeve and bottom hems | Single needle 1.5cm collar | Sideseamed | CPSIA tracking label compliant | Sizes: XS~XL | 12 colors",,,"길단,데일리 웨어,76000B 아동용 프리미엄 티셔츠",A|10,6000,6000,6000,6000,N,,,1,,,,,N,Y,T,C,,색상{오렌지|퍼플|로얄 블루|라이트 핑크|세이프티 핑크|레드|데이지|라임|사파이어|화이트|스포츠 그레이|블랙|헬리코니아|네이비}//사이즈{S|M|L|XL|2XL},"P,S",,{#ff5f00|#48339b|#054cb9|#ffccd5|#ff5fa2|#e6193c|#ffcc00|#84cc16|#00a2cc|#ffffff|#c6c8c9|#1a1a1a|#e6006f|#0f1d35},,품절,,,,,,,,,,,,B000000C,,,,,N,,,,,,,,,B,A,전국,C,2|4,D,2000|3000|20000//2000|3000|4000,,,,,,,,Y,76000B 아동용 프리미엄 티셔츠,,180g/m/two.numerator (5.3 oz per sq yd),"길단,데일리 웨어",,"cash,mileage",C,
,76500,Y,Y,29,Y,Y,76500 프리미엄 나그랑 티셔츠,,,,76500,180g/m² (5.3 oz per sq yd),,"100% ring spun cotton preshrunk jersey knit | Fiber content varies by color, see color list for details | Satin label | Double needle sleeve and bottom hems | Quarterturned to eliminate center crease | Contrast color 2cm seamed collar | Raglan short sleeves | Sizes: S~2XL | 4 color combinations",,,"길단,데일리 웨어,76500 프리미엄 나그랑 티셔츠",A|10,6000,6000,6000,6000,N,,,1,,,,,N,Y,T,C,,색상{스포츠 그레이|블랙|화이트|레드|로얄 블루}//사이즈{S|M|L|XL|2XL},"P,S",,{#c6c8c9|#1a1a1a|#ffffff|#e6193c|#054cb9},,품절,,,,,,,,,,,,B000000C,,,,,N,,,,,,,,,B,A,전국,C,2|4,D,2000|3000|20000//2000|3000|4000,,,,,,,,Y,76500 프리미엄 나그랑 티셔츠,,180g/m² (5.3 oz per sq yd),"길단,데일리 웨어",,"cash,mileage",C,
,ha00,Y,Y,29,Y,Y,HA00 해머 헤비웨이트 티셔츠 (면20수),,,,ha00,203g/m² (6 oz per sq yd),,"100% Ring Spun Cotton | Fiber content varies by color, see color list for details | High stitch density for smoother printing surface | Classic ﬁt | 2.3 cm rib collar | Taped neck and shoulders | 2.0 cm double needle sleeve and bottom hems | TearAway label | Quarterturned to eliminate center crease | Sizes: S~3XL | 12 colors",,,"길단,데일리 웨어,HA00 해머 헤비웨이트 티셔츠 (면20수)",A|10,6000,6000,6000,6000,N,,,1,,,,,N,Y,T,C,,색상{레드|오렌지|로얄 블루|네이비|코랄 실크|화이트|샌드|블랙|슬레이트|데님|마룬|스포츠 그레이}//사이즈{S|M|L|XL|2XL|3XL},"P,S",,{#e6193c|#ff5f00|#054cb9|#0f1d35|#ff7f50|#ffffff|#e2dbcd|#1a1a1a|#5b6d7a|#536881|#731630|#c6c8c9},,품절,,,,,,,,,,,,B000000C,,,,,N,,,,,,,,,B,A,전국,C,2|4,D,2000|3000|20000//2000|3000|4000,,,,,,,,Y,HA00 해머 헤비웨이트 티셔츠 (면20수),,203g/m² (6 oz per sq yd),"길단,데일리 웨어",,"cash,mileage",C,
,858a0,Y,Y,29,Y,Y,858A0 더블 피케 카라티셔츠 (폴로),,,,858a0,220g/m2 (6.5 oz per sq yd),,"100% cotton | Soft, heavyweight ring spun cotton double piqué fabric | Flat knit rib collar | 3 colormatched pearlized buttons | Rolled forward shoulder for an even more comfortable /f_it | Rib /f_inished sleeves | Double needle bottom hem | Sizes: S~2XL | 4 colors",,,"길단,데일리 웨어,858A0 더블 피케 카라티셔츠 (폴로)",A|10,12000,12000,12000,12000,N,,,1,,,,,N,Y,T,C,,색상{화이트|스포츠 그레이|블랙|네이비}//사이즈{S|M|L|XL|2XL},"P,S",,{#ffffff|#c6c8c9|#1a1a1a|#0f1d35},,품절,,,,,,,,,,,,B000000C,,,,,N,,,,,,,,,B,A,전국,C,2|4,D,2000|3000|20000//2000|3000|4000,,,,,,,,Y,858A0 더블 피케 카라티셔츠 (폴로),,220g/m2 (6.5 oz per sq yd),"길단,데일리 웨어",,"cash,mileage",C,
,88000,Y,Y,29,Y,Y,88000 헤비블렌드 크루넥 맨투맨 (8.4oz),,,,88000,285g/m/two.numerator (8.4 oz per sq yd),,50% cotton / 50% polyester preshrunk /f_leece knit | Air jet yarns = softer feel and reduced pilling | Satin label | Sideseamed | 1 x 1 rib with spandex | Double needle stitching at waistband and cuﬀs | Quarterturned to eliminate center crease | Sizes: XS~2XL | 5 colors,,,"길단,데일리 웨어,88000 헤비블렌드 크루넥 맨투맨 (8.4oz)",A|10,18000,18000,18000,18000,N,,,1,,,,,N,Y,T,C,,색상{레드|화이트|스포츠 그레이|블랙|네이비}//사이즈{XS|S|M|L|XL|2XL},"P,S",,{#e6193c|#ffffff|#c6c8c9|#1a1a1a|#0f1d35},,품절,,,,,,,,,,,,B000000C,,,,,N,,,,,,,,,B,A,전국,C,2|4,D,2000|3000|20000//2000|3000|4000,,,,,,,,Y,88000 헤비블렌드 크루넥 맨투맨 (8.4oz),,285g/m/two.numerator (8.4 oz per sq yd),"길단,데일리 웨어",,"cash,mileage",C,
,88500,Y,Y,29,Y,Y,88500 헤비블렌드 풀오버 후드티 (8.4oz),,,,88500,285g/m/two.numerator (8.4 oz per sq yd),,50% cotton / 50% polyester preshrunk /f_leece knit | Air jet yarns = softer feel and reduced pilling | Satin label | Sideseamed | Double needle stitching at waistband and cuﬀs | 1 x 1 rib with spandex | Quarterturned to eliminate center crease | Doublelined hood with colormatched drawcord | Pouch pocket | Sizes: XS~2XL | 5 colors,,,"길단,데일리 웨어,88500 헤비블렌드 풀오버 후드티 (8.4oz)",A|10,24000,24000,24000,24000,N,,,1,,,,,N,Y,T,C,,색상{레드|네이비|화이트|블랙|스포츠 그레이}//사이즈{XS|S|M|L|XL|2XL},"P,S",,{#e6193c|#0f1d35|#ffffff|#1a1a1a|#c6c8c9},,품절,,,,,,,,,,,,B000000C,,,,,N,,,,,,,,,B,A,전국,C,2|4,D,2000|3000|20000//2000|3000|4000,,,,,,,,Y,88500 헤비블렌드 풀오버 후드티 (8.4oz),,285g/m/two.numerator (8.4 oz per sq yd),"길단,데일리 웨어",,"cash,mileage",C,
,88600,Y,Y,29,Y,Y,88600 헤비블렌드 집업 후드티 (8.4oz),,,,88600,285g/m/two.numerator (8.4 oz per sq yd),,50% cotton / 50% polyester preshrunk /f_leece knit | Air jet yarns = softer feel and reduced pilling | Satin label | Sideseamed | Double needle stitching at waistband and cuﬀs | 1 x 1 rib with spandex | Quarterturned to eliminate center crease | Unlined hood with colormatched drawcord | Metal zipper | Overlapped fabric across zipper allows full | Pouch pockets | Sizes: XS~2XL | 5 colors,,,"길단,데일리 웨어,88600 헤비블렌드 집업 후드티 (8.4oz)",A|10,24000,24000,24000,24000,N,,,1,,,,,N,Y,T,C,,색상{네이비|레드|블랙|화이트|스포츠 그레이}//사이즈{XS|S|M|L|XL|2XL},"P,S",,{#0f1d35|#e6193c|#1a1a1a|#ffffff|#c6c8c9},,품절,,,,,,,,,,,,B000000C,,,,,N,,,,,,,,,B,A,전국,C,2|4,D,2000|3000|20000//2000|3000|4000,,,,,,,,Y,88600 헤비블렌드 집업 후드티 (8.4oz),,285g/m/two.numerator (8.4 oz per sq yd),"길단,데일리 웨어",,"cash,mileage",C,
,2000,Y,Y,29,Y,Y,2000 울트라 코튼 티셔츠 (면18수),,,,2000,200g/ɝ (6.0 oz per sq yd),,"100% cotton preshrunk jersey knit | Fiber content varies by color, | Seamless double needle 2 cm collar | Taped neck and shoulders | Double needle sleeve and bottom hems | TearAway label | Quarterturned to eliminate centre crease | Sizes: S~5XL | 33 colors",,,"길단,데일리 웨어,2000 울트라 코튼 티셔츠 (면18수)",A|10,6000,6000,6000,6000,N,,,1,,,,,N,Y,T,C,,색상{라이트 핑크|포레스트 그린|네이비|사파이어|카디널 레드|로얄 블루|캐롤라이나 블루|슬레이트 그레이|샌드|화이트|애쉬 그레이|블랙|차콜|그래블|올리브 카키|퍼플|스포츠 그레이|세이프티 핑크|코랄 실크|레드|오렌지|데이지|골드|민트|밀리터리 그린|틸|세이프티 오렌지|네온 핑크|네온 그린|세이프티 그린}//사이즈{S|M|L|XL|2XL|3XL|4XL|5XL},"P,S",,{#ffccd5|#064e3b|#0f1d35|#00a2cc|#991b1b|#054cb9|#a2dbe7|#5f6b73|#e2dbcd|#ffffff|#e1e4e6|#1a1a1a|#494b52|#5e5f61|#854d0e|#48339b|#c6c8c9|#ff5fa2|#ff7f50|#e6193c|#ff5f00|#ffcc00|#ffcc00|#a7f3d0|#4a533c|#0f766e|#ff5f00|#ff1493|#39ff14|#adff2f},,품절,,,,,,,,,,,,B000000C,,,,,N,,,,,,,,,B,A,전국,C,2|4,D,2000|3000|20000//2000|3000|4000,,,,,,,,Y,2000 울트라 코튼 티셔츠 (면18수),,200g/ɝ (6.0 oz per sq yd),"길단,데일리 웨어",,"cash,mileage",C,
,2300,Y,Y,29,Y,Y,2300 울트라 코튼 포켓 티셔츠,,,,2300,200g/ɝ (6.0 oz per sq yd),,"100% cotton preshrunk jersey knit | Preshrunk jersey knit | Seamless doubleneedle 7/8"" collar | Taped neck and shoulders | Satin label | Singleneedle left chest pocket | Doubleneedle pocket, sleeve and bottom hems | Quarterturned to eliminate center crease | SIZE: S~2XL | 2 colors",,,"길단,데일리 웨어,2300 울트라 코튼 포켓 티셔츠",A|10,6000,6000,6000,6000,N,,,1,,,,,N,Y,T,C,,색상{블랙|화이트}//사이즈{S|M|L|XL|2XL},"P,S",,{#1a1a1a|#ffffff},,품절,,,,,,,,,,,,B000000C,,,,,N,,,,,,,,,B,A,전국,C,2|4,D,2000|3000|20000//2000|3000|4000,,,,,,,,Y,2300 울트라 코튼 포켓 티셔츠,,200g/ɝ (6.0 oz per sq yd),"길단,데일리 웨어",,"cash,mileage",C,
,2400,Y,Y,29,Y,Y,2400 울트라 코튼 긴팔 티셔츠,,,,2400,200g/ɝ (6.0 oz per sq yd),,100% cotton preshrunk jersey knit | Quarterturned to eliminate center crease | Seamless double needle 7/8” collar | Taped neck and shoulders | Rib cuﬀs | Double needle bottom hem | Sizes: S~3XL | 11 colors,,,"길단,데일리 웨어,2400 울트라 코튼 긴팔 티셔츠",A|10,9000,9000,9000,9000,N,,,1,,,,,N,Y,T,C,,색상{로얄 블루|포레스트 그린|레드|골드|샌드|화이트|애쉬 그레이|스포츠 그레이|차콜|네이비|블랙}//사이즈{S|M|L|XL|2XL|3XL},"P,S",,{#054cb9|#064e3b|#e6193c|#ffcc00|#e2dbcd|#ffffff|#e1e4e6|#c6c8c9|#494b52|#0f1d35|#1a1a1a},,품절,,,,,,,,,,,,B000000C,,,,,N,,,,,,,,,B,A,전국,C,2|4,D,2000|3000|20000//2000|3000|4000,,,,,,,,Y,2400 울트라 코튼 긴팔 티셔츠,,200g/ɝ (6.0 oz per sq yd),"길단,데일리 웨어",,"cash,mileage",C,
,2000t,Y,Y,29,Y,Y,2000T 울트라 코튼 톨(Tall) 티셔츠,,,,2000t,200g/ɝ (6.0 oz per sq yd 18/1),,"100% cotton | Classic heavyweight fabric 7/8"" rib collar | Taped neck and shoulders | Doubleneedle sleeve and bottom hems | Sizes: LT~2XLT | 2 colors",,,"길단,데일리 웨어,2000T 울트라 코튼 톨(Tall) 티셔츠",A|10,6000,6000,6000,6000,N,,,1,,,,,N,Y,T,C,,색상{네이비|블랙|화이트}//사이즈{S|M|L|XL|2XL},"P,S",,{#0f1d35|#1a1a1a|#ffffff},,품절,,,,,,,,,,,,B000000C,,,,,N,,,,,,,,,B,A,전국,C,2|4,D,2000|3000|20000//2000|3000|4000,,,,,,,,Y,2000T 울트라 코튼 톨(Tall) 티셔츠,,200g/ɝ (6.0 oz per sq yd 18/1),"길단,데일리 웨어",,"cash,mileage",C,
,5200,Y,Y,29,Y,Y,5200 헤비 코튼 나시 민소매 (탱크탑),,,,5200,180g/ɝ (5.3 oz per sq yd 20/1),,100% cotton | Classic midweight fabric | Doubleneedle bottom hem | Sizes: S~2XL | 2 colors,,,"길단,데일리 웨어,5200 헤비 코튼 나시 민소매 (탱크탑)",A|10,6000,6000,6000,6000,N,,,1,,,,,N,Y,T,C,,색상{블랙|화이트}//사이즈{S|M|L|XL|2XL},"P,S",,{#1a1a1a|#ffffff},,품절,,,,,,,,,,,,B000000C,,,,,N,,,,,,,,,B,A,전국,C,2|4,D,2000|3000|20000//2000|3000|4000,,,,,,,,Y,5200 헤비 코튼 나시 민소매 (탱크탑),,180g/ɝ (5.3 oz per sq yd 20/1),"길단,데일리 웨어",,"cash,mileage",C,
,5100,Y,Y,29,Y,Y,5100 헤비 코튼 티셔츠,,,,5100,180g/m/two.numerator (5.3 oz per sq yd),,100% cotton preshrunk jersey knit | Seamless non topstitched 2 cm collar | Taped neck and shoulders | Tearaway label for easy relabelling | Double needle sleeve and bottom hems | Quarterturned to eliminate centre crease | Sizes: S~3XL | 2 colors,,,"길단,데일리 웨어,5100 헤비 코튼 티셔츠",A|10,6000,6000,6000,6000,N,,,1,,,,,N,Y,T,C,,색상{블랙|화이트}//사이즈{S|M|L|XL|2XL|3XL},"P,S",,{#1a1a1a|#ffffff},,품절,,,,,,,,,,,,B000000C,,,,,N,,,,,,,,,B,A,전국,C,2|4,D,2000|3000|20000//2000|3000|4000,,,,,,,,Y,5100 헤비 코튼 티셔츠,,180g/m/two.numerator (5.3 oz per sq yd),"길단,데일리 웨어",,"cash,mileage",C,
,42000,Y,Y,30,Y,Y,42000 드라이블렌드 기능성 스포츠 티셔츠,,,,42000,150g/m² (4.5 oz per sq yd),,100% polyester | AquaFX™ | Back neck tape | Double needle sleeve and bottom hems | Tearaway label҃઺ | Sizes: S~3XL | 8 colors,,,"길단,액티브 웨어,42000 드라이블렌드 기능성 스포츠 티셔츠",A|10,6000,6000,6000,6000,N,,,1,,,,,N,Y,T,C,,색상{레드|세이프티 그린|라이트 블루|로얄 블루|네이비|화이트|차콜|블랙}//사이즈{S|M|L|XL|2XL|3XL},"P,S",,{#e6193c|#adff2f|#a2dbe7|#054cb9|#0f1d35|#ffffff|#494b52|#1a1a1a},,품절,,,,,,,,,,,,B000000C,,,,,N,,,,,,,,,B,A,전국,C,2|4,D,2000|3000|20000//2000|3000|4000,,,,,,,,Y,42000 드라이블렌드 기능성 스포츠 티셔츠,,150g/m² (4.5 oz per sq yd),"길단,액티브 웨어",,"cash,mileage",C,
,8000,Y,Y,29,Y,Y,8000 드라이블렌드 티셔츠,,,,8000,࢚࢝,,180g/m² (5.3 oz per sq yd) | 50% cotton / 50% polyester | Dry Blend technology ( | Taped neck and shoulders | Double needle sleeve and bottom hems | Tearaway label҃઺ | Sizes: S~XL | 3 colors,,,"길단,데일리 웨어,8000 드라이블렌드 티셔츠",A|10,6000,6000,6000,6000,N,,,1,,,,,N,Y,T,C,,색상{화이트|애쉬 그레이|블랙}//사이즈{S|M|L|XL},"P,S",,{#ffffff|#e1e4e6|#1a1a1a},,품절,,,,,,,,,,,,B000000C,,,,,N,,,,,,,,,B,A,전국,C,2|4,D,2000|3000|20000//2000|3000|4000,,,,,,,,Y,8000 드라이블렌드 티셔츠,,࢚࢝,"길단,데일리 웨어",,"cash,mileage",C,
,67000,Y,Y,29,Y,Y,67000 소프트스타일 CVC 티셔츠,,,,67000,150g/m² (4.5 oz per sq yd),,60% combed ring spun cotton / 40% polyester | High stitch density for smoother printing | Modernclassic Fit | TearAway label | Sizes: S~3XL | 4 colors,,,"길단,데일리 웨어,67000 소프트스타일 CVC 티셔츠",A|10,6000,6000,6000,6000,N,,,1,,,,,N,Y,T,C,,색상{화이트|핑크|네이비}//사이즈{S|M|L|XL|2XL|3XL},"P,S",,{#ffffff|#f472b6|#1e3a8a},,품절,,,,,,,,,,,,B000000C,,,,,N,,,,,,,,,B,A,전국,C,2|4,D,2000|3000|20000//2000|3000|4000,,,,,,,,Y,67000 소프트스타일 CVC 티셔츠,,150g/m² (4.5 oz per sq yd),"길단,데일리 웨어",,"cash,mileage",C,
,sf000,Y,Y,29,Y,Y,SF000 소프트스타일 플리스 크루넥 맨투맨,,,,sf000,Hɝ	8.4 oz per sq yd),,"80% Ring Spun Cotton, 20% Polyester | 1x1 rib with spandex cuﬀs and bottom band for enhanced stretch and recovery | Dropped shoulder | Classic /f_it, seamless body | Highperforming recycled tearaway label | Sizes: S3XL | 4 colors",,,"길단,데일리 웨어,SF000 소프트스타일 플리스 크루넥 맨투맨",A|10,18000,18000,18000,18000,N,,,1,,,,,N,Y,T,C,,색상{화이트|블랙}//사이즈{S},"P,S",,{#ffffff|#1a1a1a},,품절,,,,,,,,,,,,B000000C,,,,,N,,,,,,,,,B,A,전국,C,2|4,D,2000|3000|20000//2000|3000|4000,,,,,,,,Y,SF000 소프트스타일 플리스 크루넥 맨투맨,,Hɝ	8.4 oz per sq yd),"길단,데일리 웨어",,"cash,mileage",C,
,sf500,Y,Y,29,Y,Y,SF500 소프트스타일 플리스 풀오버 후드티,,,,sf500,Hɝ	8.4 oz per sq yd),,"80% Ring Spun Cotton, 20% Polyester | 2piece color matched jersey fabric lined hood | 1x1 rib with spandex cuﬀs and bottom band for enhanced stretch and recovery | Dropped shoulder | pouch pocket | Classic /f_it, seamless body | Highperforming recycled tearaway label | Sizes: S3XL | 5 colors",,,"길단,데일리 웨어,SF500 소프트스타일 플리스 풀오버 후드티",A|10,24000,24000,24000,24000,N,,,1,,,,,N,Y,T,C,,색상{화이트|블랙|켈리 그린}//사이즈{S},"P,S",,{#ffffff|#1a1a1a|#22c55e},,품절,,,,,,,,,,,,B000000C,,,,,N,,,,,,,,,B,A,전국,C,2|4,D,2000|3000|20000//2000|3000|4000,,,,,,,,Y,SF500 소프트스타일 플리스 풀오버 후드티,,Hɝ	8.4 oz per sq yd),"길단,데일리 웨어",,"cash,mileage",C,
,sf600,Y,Y,29,Y,Y,SF600 소프트스타일 플리스 집업 후드티,,,,sf600,Hɝ	8.4 oz per sq yd),,"80% Ring Spun Cotton, 20% Polyester | 2piece color matched jersey fabric lined hood | 1x1 rib with spandex cuﬀs and bottom band for enhanced stretch and recovery | Dropped shoulder | pouch pocket | YKK metal zipper | Classic /f_it, seamless body | Highperforming recycled tearaway label | Sizes: S3XL | 2 colors",,,"길단,데일리 웨어,SF600 소프트스타일 플리스 집업 후드티",A|10,24000,24000,24000,24000,N,,,1,,,,,N,Y,T,C,,색상{블랙}//사이즈{S},"P,S",,{#1a1a1a},,품절,,,,,,,,,,,,B000000C,,,,,N,,,,,,,,,B,A,전국,C,2|4,D,2000|3000|20000//2000|3000|4000,,,,,,,,Y,SF600 소프트스타일 플리스 집업 후드티,,Hɝ	8.4 oz per sq yd),"길단,데일리 웨어",,"cash,mileage",C,
,12000,Y,Y,29,Y,Y,12000 드라이블렌드 맨투맨,,,,12000,9.3 oz per sq yd,,50% cotton / 50% polyester preshrunk /f_leece knit | DryBlend technology delivers | moisturewicking properties | Air jet yarn = softer feel and reduced pilling | Tearaway label҃઺ | Double needle stitching | Waistband cuﬀs | 1 x 1 athletic rib with spandex | Quarterturned to eliminate center crease | Sizes: S3XL | 8 colors,,,"길단,데일리 웨어,12000 드라이블렌드 맨투맨",A|10,18000,18000,18000,18000,N,,,1,,,,,N,Y,T,C,,색상{포레스트 그린|로얄 블루|화이트|애쉬 그레이|차콜|스포츠 그레이|네이비|블랙}//사이즈{S},"P,S",,{#064e3b|#054cb9|#ffffff|#e1e4e6|#494b52|#c6c8c9|#0f1d35|#1a1a1a},,품절,,,,,,,,,,,,B000000C,,,,,N,,,,,,,,,B,A,전국,C,2|4,D,2000|3000|20000//2000|3000|4000,,,,,,,,Y,12000 드라이블렌드 맨투맨,,9.3 oz per sq yd,"길단,데일리 웨어",,"cash,mileage",C,
,12500,Y,Y,29,Y,Y,12500 드라이블렌드 풀오버 후드티,,,,12500,Doublelined hooded sweatshirt with matching drawcord,,Double needle stitching  Pouch pocket | 1 x 1 athletic rib with spandex | Tearaway label҃઺ | Quarterturned to eliminate center crease | Sizes: S3XL | 11 colors,,,"길단,데일리 웨어,12500 드라이블렌드 풀오버 후드티",A|10,24000,24000,24000,24000,N,,,1,,,,,N,Y,T,C,,색상{레드|코랄 실크|포레스트 그린|네이비|로얄 블루|애쉬 그레이|화이트|스포츠 그레이|차콜|블랙|세이프티 그린}//사이즈{S},"P,S",,{#e6193c|#ff7f50|#064e3b|#0f1d35|#054cb9|#e1e4e6|#ffffff|#c6c8c9|#494b52|#1a1a1a|#adff2f},,품절,,,,,,,,,,,,B000000C,,,,,N,,,,,,,,,B,A,전국,C,2|4,D,2000|3000|20000//2000|3000|4000,,,,,,,,Y,12500 드라이블렌드 풀오버 후드티,,Doublelined hooded sweatshirt with matching drawcord,"길단,데일리 웨어",,"cash,mileage",C,
,18500,Y,Y,29,Y,Y,18500 헤비블렌드 풀오버 후드티,,,,18500,8.0 oz per sq yd,,50% Cotton / 50% Polyester | Preshrunk /f_leece knit | Doublelined hood with colormatched drawcord | Doubleneedle stitching at waistband and cuﬀs | Pouch pocket | 1 x 1 rib with spandex | Quarterturned to eliminate center crease | Tearaway label҃઺ | Classic Fit | Sizes: S~4XL | 5 colors,,,"길단,데일리 웨어,18500 헤비블렌드 풀오버 후드티",A|10,24000,24000,24000,24000,N,,,1,,,,,N,Y,T,C,,색상{라이트 핑크|골드|샌드|스포츠 그레이|블랙}//사이즈{S|M|L|XL|2XL|3XL|4XL},"P,S",,{#ffccd5|#ffcc00|#e2dbcd|#c6c8c9|#1a1a1a},,품절,,,,,,,,,,,,B000000C,,,,,N,,,,,,,,,B,A,전국,C,2|4,D,2000|3000|20000//2000|3000|4000,,,,,,,,Y,18500 헤비블렌드 풀오버 후드티,,8.0 oz per sq yd,"길단,데일리 웨어",,"cash,mileage",C,
,18500b,Y,Y,29,Y,Y,18500B 아동용 헤비블렌드 풀오버 후드티,,,,18500b,270g/m/two.numerator (8.0 oz per sq yd),,"50% cotton / 50% polyester preshrunk /f_leece knit | Spun yarn for softer feel and reduced pilling | Doublelined hood | Doubleneedle stitching at shoulders, armholes, | Doubleneedle pouch pocket for added reinforcement 1 x 1 rib | Sizes: S~XL | 6 colors",,,"길단,데일리 웨어,18500B 아동용 헤비블렌드 풀오버 후드티",A|10,24000,24000,24000,24000,N,,,1,,,,,N,Y,T,C,,색상{포레스트 그린|로얄 블루|네이비|스포츠 그레이|블랙|화이트}//사이즈{S|M|L|XL},"P,S",,{#064e3b|#054cb9|#0f1d35|#c6c8c9|#1a1a1a|#ffffff},,품절,,,,,,,,,,,,B000000C,,,,,N,,,,,,,,,B,A,전국,C,2|4,D,2000|3000|20000//2000|3000|4000,,,,,,,,Y,18500B 아동용 헤비블렌드 풀오버 후드티,,270g/m/two.numerator (8.0 oz per sq yd),"길단,데일리 웨어",,"cash,mileage",C,
,18000b,Y,Y,29,Y,Y,18000B 아동용 헤비블렌드 크루넥 맨투맨,,,,18000b,270g/m/two.numerator (8.0 oz per sq yd),,"50% cotton / 50% polyester preshrunk /f_leece knit | Spun yarn for softer feel and reduced pilling | Doubleneedle stitching at shoulder, armhole, neck, | Sizes: S~XL | 6 colors",,,"길단,데일리 웨어,18000B 아동용 헤비블렌드 크루넥 맨투맨",A|10,18000,18000,18000,18000,N,,,1,,,,,N,Y,T,C,,색상{포레스트 그린|로얄 블루|네이비|스포츠 그레이|블랙|화이트|애슬레틱 헤더}//사이즈{S|M|L|XL},"P,S",,{#064e3b|#054cb9|#0f1d35|#c6c8c9|#1a1a1a|#ffffff|#c6c8c9},,품절,,,,,,,,,,,,B000000C,,,,,N,,,,,,,,,B,A,전국,C,2|4,D,2000|3000|20000//2000|3000|4000,,,,,,,,Y,18000B 아동용 헤비블렌드 크루넥 맨투맨,,270g/m/two.numerator (8.0 oz per sq yd),"길단,데일리 웨어",,"cash,mileage",C,
,1567,Y,Y,29,Y,Y,1567 가먼트다이 풀오버 후드티 (9.5oz),,,,1567,320g/m/two.numerator (9.5 oz per sp yd),,"80% ring spun cotton / 20% polyester | Soft washed garment dyed fabric | Twill taped back and neck | Sideseamed | 1x1 rib on collar, cuﬀs and waistband | Double needle neck, shoulder, armhole, cuﬀ and waistband | Sizes : M~XL | 7 colors",,,"컴포트 컬러스,데일리 웨어,1567 가먼트다이 풀오버 후드티 (9.5oz)",A|10,24000,24000,24000,24000,N,,,1,,,,,N,Y,T,C,,색상{크림슨|슬레이트|데님 블루|라이트 핑크|화이트|라벤더|오키드}//사이즈{M|L|XL},"P,S",,{#991b1b|#5b6d7a|#475569|#ffccd5|#ffffff|#c084fc|#a78bfa},,품절,,,,,,,,,,,,B000000E,,,,,N,,,,,,,,,B,A,전국,C,2|4,D,2000|3000|20000//2000|3000|4000,,,,,,,,Y,1567 가먼트다이 풀오버 후드티 (9.5oz),,320g/m/two.numerator (9.5 oz per sp yd),"컴포트 컬러스,데일리 웨어",,"cash,mileage",C,
,1566,Y,Y,29,Y,Y,1566 가먼트다이 크루넥 맨투맨 (9.5oz),,,,1566,320g/m/two.numerator (9.5 oz per sp yd),,"80% ring spun cotton / 20% polyester | Soft washed garment dyed fabric | Twill taped back and neck | 1x1 rib on collar, cuﬀs and waistband | Double needle neck, shoulder, armhole, cuﬀ and waistband | Sizes : M~XL | 5 colors",,,"컴포트 컬러스,데일리 웨어,1566 가먼트다이 크루넥 맨투맨 (9.5oz)",A|10,18000,18000,18000,18000,N,,,1,,,,,N,Y,T,C,,색상{크림슨|라벤더|데님 블루|오키드|화이트}//사이즈{M|L|XL},"P,S",,{#991b1b|#c084fc|#475569|#a78bfa|#ffffff},,품절,,,,,,,,,,,,B000000E,,,,,N,,,,,,,,,B,A,전국,C,2|4,D,2000|3000|20000//2000|3000|4000,,,,,,,,Y,1566 가먼트다이 크루넥 맨투맨 (9.5oz),,320g/m/two.numerator (9.5 oz per sp yd),"컴포트 컬러스,데일리 웨어",,"cash,mileage",C,
,1717,Y,Y,29,Y,Y,1717 가먼트다이 베이직 티셔츠 (6.1oz),,,,1717,210g/m/two.numerator (6.1 oz per sp yd),,"100% ring spun cotton | Soft washed garment dyed fabric | Doubleneedle collar | Twill taped neck and shoulders | Twill label | Double needle armhole, sleeve and bottom hems | Sizes : S~2XL | 14 colors",,,"컴포트 컬러스,데일리 웨어,1717 가먼트다이 베이직 티셔츠 (6.1oz)",A|10,6000,6000,6000,6000,N,,,1,,,,,N,Y,T,C,,색상{마룬|레드|코랄|오렌지|옐로우|슬레이트|터코이즈|데님 블루|로얄 블루|웜 그레이|라벤더|화이트|오키드|블랙}//사이즈{S|M|L|XL|2XL},"P,S",,{#7f1d1d|#e6193c|#f87171|#ff5f00|#facc15|#5b6d7a|#06b6d4|#475569|#1d4ed8|#adabb0|#c084fc|#ffffff|#a78bfa|#1a1a1a},,품절,,,,,,,,,,,,B000000E,,,,,N,,,,,,,,,B,A,전국,C,2|4,D,2000|3000|20000//2000|3000|4000,,,,,,,,Y,1717 가먼트다이 베이직 티셔츠 (6.1oz),,210g/m/two.numerator (6.1 oz per sp yd),"컴포트 컬러스,데일리 웨어",,"cash,mileage",C,
,6014,Y,Y,29,Y,Y,6014 가먼트다이 긴팔 티셔츠 (6.1oz),,,,6014,210g/m/two.numerator (6.1 oz per sp yd),,"100% ring spun cotton | Soft washed garment dyed fabric | Topstitched, classic width, collar | Twill taped neck and shoulders | Twill label | Rib cuﬀs | Relaxed /f_it, seamless body | Sizes : M~2XL | 4 colors | 210g/m/two.numerator (6.1 oz per sp yd)",,,"컴포트 컬러스,데일리 웨어,6014 가먼트다이 긴팔 티셔츠 (6.1oz)",A|10,9000,9000,9000,9000,N,,,1,,,,,N,Y,T,C,,색상{데님 블루|화이트|오키드|블랙}//사이즈{M|L|XL|2XL},"P,S",,{#475569|#ffffff|#a78bfa|#1a1a1a},,품절,,,,,,,,,,,,B000000E,,,,,N,,,,,,,,,B,A,전국,C,2|4,D,2000|3000|20000//2000|3000|4000,,,,,,,,Y,6014 가먼트다이 긴팔 티셔츠 (6.1oz),,210g/m/two.numerator (6.1 oz per sp yd),"컴포트 컬러스,데일리 웨어",,"cash,mileage",C,
,1301,Y,Y,29,Y,Y,1301 헤비웨이트 클래식 티셔츠 (면18수),,,,1301,203g/m/two.numerator (6.0 oz per sp yd),,100% cotton jersey | Setin rib collar with shouldertoshoulder taping | Doubleneedle sleeve and bottom hem | Preshrunk to minimize shrinkage | Tearaway label for easy relabelling | Sizes : S~4XL | 13 colors,,,"올스타일,데일리 웨어,1301 헤비웨이트 클래식 티셔츠 (면18수)",A|10,6000,6000,6000,6000,N,,,1,,,,,N,Y,T,C,,색상{로얄 블루|레드|골드|핑크|옐로우|켈리 그린|애슬레틱 헤더|애쉬 그레이|차콜|화이트|네이비|블랙}//사이즈{S|M|L|XL|2XL|3XL|4XL},"P,S",,{#054cb9|#e6193c|#ffcc00|#f472b6|#facc15|#22c55e|#c6c8c9|#e1e4e6|#494b52|#ffffff|#0f1d35|#1a1a1a},,품절,,,,,,,,,,,,B000000F,,,,,N,,,,,,,,,B,A,전국,C,2|4,D,2000|3000|20000//2000|3000|4000,,,,,,,,Y,1301 헤비웨이트 클래식 티셔츠 (면18수),,203g/m/two.numerator (6.0 oz per sp yd),"올스타일,데일리 웨어",,"cash,mileage",C,
,2001w,Y,Y,29,Y,Y,2001W 파인 져지 크루넥 티셔츠,,,,2001w,146g/m² (4.3 oz per sq yd),,100% ring spun combed cotton | 30singles | Iconic AA classic tee shirt in our /f_ine jersey | Fine jersey crewneck tshirt | Unisex | Calssic /f_it | Sizes: XS~2XL | 13 colors,,,"올스타일,데일리 웨어,2001W 파인 져지 크루넥 티셔츠",A|10,6000,6000,6000,6000,N,,,1,,,,,N,Y,T,C,,색상{로얄 블루|레드|트러플|라이트 핑크|오렌지|골드|라이트 블루|포레스트 그린|쿨그레이 8|화이트|헤더 그레이|미드나잇 네이비}//사이즈{XS|S|M|L|XL|2XL},"P,S",,{#054cb9|#be123c|#3f2e2e|#ffccd5|#ff5f00|#ffcc00|#93c5fd|#064e3b|#b8b6b9|#ffffff|#9ca3af|#1e293b},,품절,,,,,,,,,,,,B000000F,,,,,N,,,,,,,,,B,A,전국,C,2|4,D,2000|3000|20000//2000|3000|4000,,,,,,,,Y,2001W 파인 져지 크루넥 티셔츠,,146g/m² (4.3 oz per sq yd),"올스타일,데일리 웨어",,"cash,mileage",C,
,1304,Y,Y,29,Y,Y,1304 헤비웨이트 클래식 긴팔 티셔츠,,,,1304,203g/m/two.numerator (6.0 oz per sp yd),,100% cotton jersey | Setin rib collar with shouldertoshoulder taping | Doubleneedle sleeve and bottom hem | Preshrunk to minimize shrinkage | Tearaway label for easy relabelling | Sizes : S~4XL | 13 colors,,,"올스타일,데일리 웨어,1304 헤비웨이트 클래식 긴팔 티셔츠",A|10,9000,9000,9000,9000,N,,,1,,,,,N,Y,T,C,,색상{로얄 블루|레드|골드|핑크|옐로우|켈리 그린|애슬레틱 헤더|애쉬 그레이|차콜|화이트|네이비|블랙}//사이즈{S|M|L|XL|2XL|3XL|4XL},"P,S",,{#054cb9|#e6193c|#ffcc00|#f472b6|#facc15|#22c55e|#c6c8c9|#e1e4e6|#494b52|#ffffff|#0f1d35|#1a1a1a},,품절,,,,,,,,,,,,B000000F,,,,,N,,,,,,,,,B,A,전국,C,2|4,D,2000|3000|20000//2000|3000|4000,,,,,,,,Y,1304 헤비웨이트 클래식 긴팔 티셔츠,,203g/m/two.numerator (6.0 oz per sp yd),"올스타일,데일리 웨어",,"cash,mileage",C,
,1301gd,Y,Y,29,Y,Y,1301GD 헤비웨이트 가먼트다이 티셔츠,,,,1301gd,203g/m/two.numerator /parenleft.numerator6.0 oz per sp yd),,"100% U.S. Cotton | Garment dyed for that vintage | Wide rib collar, single needle top stitch | Taped neck and shoulders for comfort and durability | Relaxed /f_it, seamless body | Recycled tearaway label | Sizes : S~3XL | 2 colors | 203g/m/two.numerator /parenleft.numerator6.0 oz per sp yd)",,,"올스타일,데일리 웨어,1301GD 헤비웨이트 가먼트다이 티셔츠",A|10,6000,6000,6000,6000,N,,,1,,,,,N,Y,T,C,,색상{테라코타|블랙 오키드}//사이즈{S|M|L|XL|2XL|3XL},"P,S",,{#c26a5a|#2e2a38},,품절,,,,,,,,,,,,B000000F,,,,,N,,,,,,,,,B,A,전국,C,2|4,D,2000|3000|20000//2000|3000|4000,,,,,,,,Y,1301GD 헤비웨이트 가먼트다이 티셔츠,,203g/m/two.numerator /parenleft.numerator6.0 oz per sp yd),"올스타일,데일리 웨어",,"cash,mileage",C,
,207gd,Y,Y,29,Y,Y,207GD 헤비웨이트 가먼트다이 머슬 티셔츠 (민소매),,,,207gd,203g/m/two.numerator /parenleft.numerator6.0 oz per sp yd),,"100% U.S. Cotton | Garment dyed for that vintage | Wide rib collar, single needle top stitch | Taped neck and shoulders for comfort and durability | Boxy /f_it, midlength, seamless body | Recycled tearaway label | Sizes : S~3XL | 2 colors | 203g/m/two.numerator /parenleft.numerator6.0 oz per sp yd)",,,"올스타일,데일리 웨어,207GD 헤비웨이트 가먼트다이 머슬 티셔츠 (민소매)",A|10,6000,6000,6000,6000,N,,,1,,,,,N,Y,T,C,,색상{앤틱 골드|블랙 오키드}//사이즈{S|M|L|XL|2XL|3XL},"P,S",,{#d4af37|#2e2a38},,품절,,,,,,,,,,,,B000000F,,,,,N,,,,,,,,,B,A,전국,C,2|4,D,2000|3000|20000//2000|3000|4000,,,,,,,,Y,207GD 헤비웨이트 가먼트다이 머슬 티셔츠 (민소매),,203g/m/two.numerator /parenleft.numerator6.0 oz per sp yd),"올스타일,데일리 웨어",,"cash,mileage",C,
,9001,Y,Y,29,Y,Y,9001 슈퍼 헤비웨이트 남녀공용 티셔츠 (9.0oz),,,,9001,300g/m/two.numerator /parenleft.numerator9.0 oz per sp yd),,"80% Cotton, 20% Polyester | Wide 2x2 rib collar | Taped neck and shoulders for comfort and durability | Rolled forward drop shoulder | Oversized /f_it with side seamed body | Recycled tearaway label | Sizes : S~3XL | 3 colors | 300g/m/two.numerator /parenleft.numerator9.0 oz per sp yd) | 300g/m/two.numerator /parenleft.numerator9.0 oz per sp yd) | 80% Cotton, 20% Polyester | Wide 2x2 rib collar | Taped neck and shoulders for comfort and durability | Rolled forward drop shoulder | Oversized /f_it with side seamed body | Recycled tearaway label | Sizes : S~3XL | 3 colors | 300g/m/two.numerator /parenleft.numerator9.0 oz per sp yd)",,,"아메리칸 어패럴,데일리 웨어,9001 슈퍼 헤비웨이트 남녀공용 티셔츠 (9.0oz)",A|10,6000,6000,6000,6000,N,,,1,,,,,N,Y,T,C,,색상{화이트|헤더 그레이|블랙}//사이즈{S|M|L|XL|2XL|3XL},"P,S",,{#ffffff|#9ca3af|#1a1a1a},,품절,,,,,,,,,,,,B000000G,,,,,N,,,,,,,,,B,A,전국,C,2|4,D,2000|3000|20000//2000|3000|4000,,,,,,,,Y,9001 슈퍼 헤비웨이트 남녀공용 티셔츠 (9.0oz),,300g/m/two.numerator /parenleft.numerator9.0 oz per sp yd),"아메리칸 어패럴,데일리 웨어",,"cash,mileage",C,
,h000,Y,Y,29,Y,Y,H000 해머 클래식 핏 티셔츠 (6.0oz),,,,h000,HN͋	6 oz per sq yd),,"100% Ring Spun Cotton | Gildan Hammer® | Classic width, rib collar | Taped neck and shoulders for comfort and durability | Modern classic /f_it, seamless body | Highperforming recycled tearaway label | Sizes: S~3XL | 2 colors",,,"길단,데일리 웨어,H000 해머 클래식 핏 티셔츠 (6.0oz)",A|10,6000,6000,6000,6000,N,,,1,,,,,N,Y,T,C,,색상{화이트|블랙}//사이즈{S|M|L|XL|2XL|3XL},"P,S",,{#ffffff|#1a1a1a},,품절,,,,,,,,,,,,B000000C,,,,,N,,,,,,,,,B,A,전국,C,2|4,D,2000|3000|20000//2000|3000|4000,,,,,,,,Y,H000 해머 클래식 핏 티셔츠 (6.0oz),,HN͋	6 oz per sq yd),"길단,데일리 웨어",,"cash,mileage",C,
